Price,Close,High,Low,Open,Volume
Ticker,AAPL,AAPL,AAPL,AAPL,AAPL
Date,,,,,
2018-09-10,51.7684326171875,52.60306414955983,51.32740611850492,52.38966213005324,158066000
2018-09-11,53.0772819519043,53.18398114443549,51.3487412844018,51.69255140168033,142996000
2018-09-12,52.41810989379883,53.34995402070839,52.1264608735074,53.33572794518692,197114800
2018-09-13,53.684295654296875,54.14429151556606,52.77379039666529,52.999045094846494,166825600
2018-09-14,53.07491683959961,53.786249725249085,52.76193225128744,53.52779964512272,127997200
2018-09-17,51.66173553466797,52.863886183544494,51.51709770879258,52.67419669776966,148780400
2018-09-18,51.7470817565918,52.60305221124366,51.48151510045594,51.64037896204188,126286800
2018-09-19,51.77790832519531,52.07429696307462,51.04997971193693,51.80873390130288,108495200
2018-09-20,52.171512603759766,52.70501214477556,51.962853847727715,52.221307486185715,106435200
2018-09-21,51.60957336425781,52.48688320867126,51.52183984719814,52.34935841519708,384986800
2018-09-24,52.35171127319336,52.46315367979017,51.36533273062861,51.41038437814966,110773600
2018-09-25,52.683677673339844,52.8330587157541,52.09327016010668,52.105126430112286,98217600
2018-09-26,52.26398849487305,53.05356829176948,52.10749441951869,52.40151326248517,95938800
2018-09-27,53.33810043334961,53.69139700467125,53.00377316968539,53.070167555499104,120724800
2018-09-28,53.525428771972656,53.549137696873096,53.117597636213965,53.300170468249014,91717600
2018-10-01,53.885826110839844,54.397986563838984,53.67005792440383,54.0494332237167,94403200
2018-10-02,54.36479187011719,54.5355120232843,53.73644937445043,53.88345698822329,99152800
2018-10-03,55.02633285522461,55.35828669549664,54.48334682317725,54.54736778452454,114619200
2018-10-04,54.05891799926758,55.092721717820574,53.760155935330346,54.720455850224305,128168000
2018-10-05,53.18161392211914,54.1585135062695,52.30193431480549,54.05181430129419,134322000
2018-10-08,53.058311462402344,53.30253542001235,52.21182374324933,52.68841900691634,118655600
2018-10-09,53.79335021972656,53.88819675317672,52.69789898906064,53.02748300449618,107564000
2018-10-10,51.30131912231445,53.670058530674225,51.22781531553088,53.45902995525262,167962400
2018-10-11,50.84843826293945,52.04584918417597,50.34339444181971,50.86503776470746,212497600
2018-10-12,52.664710998535156,52.84728743527982,51.415135332389916,52.26399293127614,161351600
2018-10-15,51.53843688964844,52.59832313901794,51.51709777220433,52.439459234668455,123164000
2018-10-16,52.6741943359375,52.87337027698463,51.396166502845496,51.91069681299673,116736000
2018-10-17,52.44656753540039,52.790377662588455,52.007910864764305,52.7097608141769,91541600
2018-10-18,51.22071075439453,52.1027638178289,50.504634639880365,51.65699405384939,130325200
2018-10-19,52.00080108642578,52.463166708392414,51.55503134933697,51.70441240336693,132314800
2018-10-22,52.31853103637695,52.96110331958656,51.9130733273846,52.11461546933148,115168400
2018-10-23,52.811702728271484,52.935001392939135,50.907702743647164,51.17563918282166,155071200
2018-10-24,51.000186920166016,53.16738058448687,50.869775190546356,52.780892245101086,163702000
2018-10-25,52.116981506347656,52.49161719818466,51.39379246887828,51.621420546484835,119423200
2018-10-26,51.287105560302734,52.20946712531239,50.42639154743853,51.192258997740794,189033600
2018-10-29,50.324424743652344,52.09090043654111,48.86619036324804,51.972344972346896,183742000
2018-10-30,50.575767517089844,51.02153365304287,49.62021065614401,50.06597679209703,146640000
2018-10-31,51.89409637451172,52.271101871009535,51.362966608371195,51.42461776343849,153435600
2018-11-01,52.690792083740234,52.72398746980492,51.408021061480326,51.93915085654104,233292800
2018-11-02,49.195777893066406,50.658751990668875,48.70969973184057,49.68659928624311,365314800
2018-11-05,47.799190521240234,48.463101835106706,46.98827159158409,48.441762720174445,264654800
2018-11-06,48.31608581542969,48.54134043148345,47.82289474285595,47.877429233094766,127531600
2018-11-07,49.78144454956055,49.80752689947353,48.40146066532408,48.837743956572126,133697600
2018-11-08,49.60776138305664,49.99559837377543,49.193747401398795,49.96228715437657,101450400
2018-11-09,48.65122985839844,49.01765313270148,48.123006700822515,48.90820358078531,137463200
2018-11-12,46.200469970703125,47.55196113045554,46.11005227310484,47.34971216392766,204542000
2018-11-13,45.73886489868164,46.91665841008263,45.5532733698863,45.59610413918867,187531600
2018-11-14,44.44686508178711,46.27422906847281,44.23985633891213,46.136224450106,243204000
2018-11-15,45.54375457763672,45.67699939705427,44.470650905004426,44.82518015217892,185915200
2018-11-16,46.048179626464844,46.39081121589632,45.07977303891082,45.32722716980644,147713200
2018-11-19,44.22320556640625,45.37482588432456,44.0162004400595,45.20826982688179,167701200
2018-11-20,42.110313415527344,43.17865753982973,41.7605438730966,42.44104746094793,271300800
2018-11-21,42.06273651123047,42.89314256675364,42.00801171344233,42.76465383898066,124496800
2018-11-23,40.9943733215332,42.01989007434281,40.94916811058644,41.62491176746803,94496000
2018-11-26,41.54877471923828,41.62729477489528,40.51136383731913,41.458360655982794,179994000
2018-11-27,41.45835494995117,41.584461910593994,40.65888242042653,40.808781023641245,165549600
2018-11-28,43.052547454833984,43.135823663787434,41.62253625141104,42.05082582673446,184250000
2018-11-29,42.721805572509766,43.49510474126908,42.28161843957183,43.461793537686944,167080000
2018-11-30,42.49101257324219,42.90740450537757,42.1222075643638,42.89788494233646,158126000
2018-12-03,43.97574234008789,44.004293763886125,43.11678524455066,43.890084438044184,163210000
2018-12-04,42.04130935668945,43.39755663566441,41.94137572883335,43.05492497978663,165377200
2018-12-06,41.572566986083984,41.58684269868823,40.549431891872544,40.868268242197985,172393600
2018-12-07,40.0902214050293,41.517851060130326,40.04501255171377,41.27991278428015,169126400
2018-12-10,40.35432815551758,40.470915572966724,38.862454329799945,39.25981076673073,248104000
2018-12-11,40.1235237121582,40.87540573765467,39.73568324680382,40.844476237501574,189126800
2018-12-12,40.23535919189453,40.90634316336405,40.21632369637525,40.544676009796696,142510800
2018-12-13,40.675540924072266,41.06100333718601,40.34242884424496,40.5660913681216,127594400
2018-12-14,39.374019622802734,40.230598753946886,39.32643270010572,40.21156325873819,162814800
2018-12-17,39.00760269165039,40.05691139092145,38.7196957717659,39.366888191907,177151600
2018-12-18,39.514400482177734,39.86178823741451,39.11466239936881,39.35022253552312,135366000
2018-12-19,38.281883239746094,39.84275751125947,37.853593682160245,39.497747789827606,196189200
2018-12-20,37.31585693359375,38.57217062840605,36.95181169422482,38.165294615238025,259092000
2018-12-21,35.86442947387695,37.63231246407767,35.60269959136626,37.32299202961106,382978400
2018-12-24,34.93647766113281,36.05954661946022,34.87937116759668,35.25055429895659,148676800
2018-12-26,37.39675521850586,37.41103093294613,34.91030117218417,35.28624405192659,234330000
2018-12-27,37.154056549072266,37.30158073396154,35.7073951737711,37.08029627195242,212468400
2018-12-28,37.173095703125,37.71797638628019,36.773361143660004,37.47527832909076,169165600
2018-12-31,37.532379150390625,37.91783793600413,37.23257464544732,37.72034876183257,140014000
2019-01-02,37.5752067565918,37.796491209681555,36.69721406234268,36.85425417348387,148158800
2019-01-03,33.83245086669922,34.6723728598737,33.78724200424014,34.258358869125516,365248800
2019-01-04,35.27671813964844,35.34572225455704,34.215515743213864,34.38920962205962,234428400
2019-01-07,35.19820022583008,35.41234680881426,34.7151859148074,35.381413677453956,219111200
2019-01-08,35.869197845458984,36.123793562928256,35.33859646605184,35.58605069449792,164101200
2019-01-09,36.478309631347656,36.76859456375998,35.60269868355585,35.997673387913416,180396400
2019-01-10,36.59489059448242,36.63533964695561,35.89535180673242,36.28557025308061,143122800
2019-01-11,36.23562240600586,36.57111628310706,36.05003082093931,36.3760087634488,108092800
2019-01-14,35.69074249267578,35.992925129029125,35.505150922165875,35.89299148572764,129756800
2019-01-15,36.42121124267578,36.49734959802523,35.70263668006988,35.75498338778188,114843600
2019-01-16,36.866146087646484,37.08980858139617,36.404545388741624,36.423580880831906,122278800
2019-01-17,37.085052490234375,37.5133420282532,36.46641164302394,36.69007415902539,119284800
2019-01-18,37.313480377197266,37.56569435663353,37.11360947574702,37.47527665432627,135004000
2019-01-22,36.47593688964844,37.29206339899699,36.314136980893885,37.2159250418447,121576000
2019-01-23,36.62345886230469,36.913743848335805,36.09523560120871,36.67818364898762,92522400
2019-01-24,36.333168029785156,36.75669780079705,36.10474935564246,36.66866181499719,101766000
2019-01-25,37.53713607788086,37.62517569702941,36.718631568016214,36.99463717184698,134142000
2019-01-28,37.18974685668945,37.19688471328752,36.56159006151442,37.068396033223685,104768400
2019-01-29,36.80428695678711,37.62517682803338,36.66866404152659,37.177851753922326,166348800
2019-01-30,39.31929397583008,39.53343693856728,38.124843000043,38.84341749805906,244439200
2019-01-31,39.602447509765625,40.21156891959634,39.15512238601182,39.52392744246948,162958400
2019-02-01,39.62148666381836,40.20681284763833,39.481100307767754,39.726180096540716,130672400
2019-02-04,40.74692153930664,40.844477084128826,39.80230648382668,39.83323961527012,125982000
2019-02-05,41.44408416748047,41.65823077875106,41.00866034892797,41.13000755385985,144406400
2019-02-06,41.45835494995117,41.774813204413945,41.127620983815476,41.55590685659918,112958400
2019-02-07,40.67316436767578,41.38697910594836,40.53039996776146,41.02055217380472,126966800
2019-02-08,40.7209587097168,40.78069839317819,40.245429516724585,40.381637745202596,95280000
2019-02-11,40.48677444458008,40.91212432348893,40.44376362488432,40.87389005294555,83973600
2019-02-12,40.83565902709961,40.861944634409184,40.55129754244725,40.646883226400696,89134000
2019-02-13,40.665992736816406,41.21559851553818,40.603864782993156,40.95513438892217,89960800
2019-02-14,40.81414794921875,40.92406691272864,40.474827022290015,40.55368383327085,87342800
2019-02-15,40.72334289550781,41.0292097524213,40.563240997453136,40.92167906223181,98507200
2019-02-19,40.845218658447266,40.96708995832154,40.50112111056447,40.55369232889822,75891200
2019-02-20,41.108062744140625,41.416321493088006,40.859547313325095,40.90733832161036,104457600
2019-02-21,40.87627029418945,41.18930557452415,40.6946630141304,41.05310102603486,68998800
2019-02-22,41.33269119262695,41.339859662720514,40.95274769278512,41.000538708815775,75652800
2019-02-25,41.63376998901367,42.02566208018677,41.56686185000022,41.61704477737037,87493600
2019-02-26,41.657676696777344,41.889466961350905,41.38048368917295,41.50952344791541,68280800
2019-02-27,41.78670883178711,41.817774631160844,41.27533733357488,41.39004014069917,111341600
2019-02-28,41.375701904296875,41.79627159518977,41.320742418317295,41.65528682209308,112861600
2019-03-01,41.81060791015625,41.853618729961276,41.31357333049172,41.64572580846216,103544800
2019-03-04,42.02088165283203,42.47490164654346,41.57163820702341,41.98264739229092,109744800
2019-03-05,41.94442367553711,42.05673456522143,41.70785323096829,42.04239762546951,78949600
2019-03-06,41.70307540893555,41.934865651105085,41.5644789185296,41.73891775722132,83241600
2019-03-07,41.22038269042969,41.68396322987974,41.10568351605907,41.54775499776006,99185600
2019-03-08,41.31835174560547,41.3565860145986,40.50350166301471,40.69944955693907,95997600
2019-03-11,42.74970626831055,42.80227746945419,41.90140587377105,41.934859943024264,128044000
2019-03-12,43.230018615722656,43.6505846085032,42.86202018159688,43.012565327032,129870400
2019-03-13,43.42118453979492,43.80112797633808,43.23240513552643,43.55022062620234,124130000
2019-03-14,43.90388107299805,43.99229827171578,43.62429983063425,43.94450361458386,94318000
2019-03-15,44.47499465942383,44.76413630754834,43.9062753998339,44.171519718082784,156171600
2019-03-18,44.92902755737305,45.01744113272922,44.396146891586056,44.39853881279332,104879200
2019-03-19,44.57297134399414,45.16081142055455,44.427206373732226,45.00787798013392,126585600
2019-03-20,44.962467193603516,45.2802826832525,44.1428370053045,44.50127503399161,124140800
2019-03-21,46.61845397949219,46.914764093298665,45.356752279123555,45.40693521269051,204136800
2019-03-22,45.65306854248047,47.23975444886868,45.58854866098074,46.67819994478431,169630800
2019-03-25,45.101070404052734,45.87529432805428,44.58969888594255,45.76298343726282,175381200
2019-03-26,44.63510513305664,46.09036675118269,44.1070083158494,45.79883677256588,199202000
2019-03-27,45.036556243896484,45.34481142938426,44.57775587798241,45.10346440270346,119393600
2019-03-28,45.09629440307617,45.29701887269252,44.81193291467582,45.151253893185654,83121600
2019-03-29,45.39020919799805,45.42127499911637,45.053276519812606,45.361535317717,94256000
2019-04-01,45.69847106933594,45.80360985284444,45.015048922315,45.794053107514955,111448000
2019-04-02,46.36276626586914,46.467908673343175,45.65305866163964,45.66261540494625,91062800
2019-04-03,46.68057632446289,46.95537732871297,46.154864348336034,46.17876167314901,93087200
2019-04-04,46.761837005615234,46.924327200684935,46.152491481661734,46.54677194916167,76457200
2019-04-05,47.074867248535156,47.098764578723184,46.81917967116176,46.94343922494232,74106400
2019-04-08,47.81563949584961,47.846701648827704,46.91715240954242,46.9362695439554,103526800
2019-04-09,47.67227554321289,48.47278889678804,47.60775565311463,47.86822348861444,143072800
2019-04-10,47.93989944458008,47.96857697172916,47.35683955756723,47.47631892306262,86781200
2019-04-11,47.54084014892578,48.03070629058641,47.41897250530564,47.99486393841018,83603200
2019-04-12,47.52172088623047,47.82519949055509,46.886093443343924,47.60057770371108,111042800
2019-04-15,47.60774230957031,47.75589918776008,47.316212394506586,47.452420608068394,70146400
2019-04-16,47.612525939941406,48.11911726997724,47.44764383635256,47.66270887651136,102785600
2019-04-17,48.5396842956543,48.59942397360544,47.45958989735585,47.681819749148225,115627200
2019-04-18,48.71412658691406,48.78342301391168,48.393922765494615,48.537295815006495,96783200
2019-04-22,48.874237060546875,48.97221103158889,48.350916769522165,48.46800787975931,77758000
2019-04-23,49.57915115356445,49.643671024935706,48.72367855106363,48.85032637317209,93292000
2019-04-24,49.50269317626953,49.81811681526818,49.4764075691679,49.55048419475769,70162400
2019-04-25,49.053436279296875,49.646052769540326,49.015202016385686,49.42382295303153,74172800
2019-04-26,48.819271087646484,48.986541475636166,48.29833914079749,48.962644143257215,74596400
2019-04-29,48.893341064453125,49.2183250510199,48.71412203464543,48.843158131769954,88818800
2019-04-30,47.951847076416016,48.604203377012624,47.579072047503665,48.52295828532061,186139600
2019-05-01,50.30559539794922,51.45020616804605,49.997336578817006,50.15266194888411,259309200
2019-05-02,49.978214263916016,50.814569774451115,49.73447899755324,50.14309636224539,127985200
2019-05-03,50.59951400756836,50.62101941942067,50.23629569599362,50.39400934201936,83569600
2019-05-06,49.818119049072266,49.904144344696654,48.62810549811918,48.816881305789316,129772400
2019-05-07,48.475162506103516,49.56481360545872,47.9900766320153,49.19681880816507,155054800
2019-05-08,48.484718322753906,49.067778128752565,48.209917278785525,48.24575962496562,105358000
2019-05-09,47.96379470825195,48.19319303822912,46.9936228856528,47.88732616744576,139634400
2019-05-10,47.29932403564453,47.69992505601361,46.24146077248344,47.356896294561125,164834800
2019-05-13,44.55032730102539,45.45227100568075,43.86187575578173,45.02768781937873,229722400
2019-05-14,45.25556945800781,45.50504198786496,44.47596276934291,44.715841750470574,146118800
2019-05-15,45.797691345214844,45.996791324468816,44.622285886295614,44.68225562726624,106178800
2019-05-16,45.59618377685547,46.169494226914495,45.29873260994696,45.55540480127524,132125600
2019-05-17,45.337120056152344,45.79288858202996,44.79978990816282,44.84056888908769,131516400
2019-05-20,43.91942596435547,44.221675714328725,43.24536685570313,44.02257579244107,154449200
2019-05-21,44.76142120361328,45.09725032704998,44.305648924363,44.43038702460931,113459200
2019-05-22,43.845069885253906,44.547917043113365,43.789898757041804,44.296043438279604,118994400
2019-05-23,43.096656799316406,43.30774780477371,42.6528792389541,43.130239708838886,146118800
2019-05-24,42.93112564086914,43.691541290106855,42.847166564473035,43.22617565347764,94858800
2019-05-28,42.75363540649414,43.31975002284816,42.6768760257709,42.919152510890925,111792800
2019-05-29,42.54972839355469,43.022290207561106,42.2186942784962,42.319442996065696,113924800
2019-05-30,42.77042007446289,42.99350575437615,42.379416191299306,42.68646097283773,84873600
2019-05-31,41.995609283447266,42.69605537404639,41.97641852833002,42.2738660819916,108174400
2019-06-03,41.57102584838867,42.679265508249905,40.84419286883519,42.12274820633601,161584400
2019-06-04,43.09185791015625,43.13743549997744,41.863678758296096,42.08436697087955,123872000
2019-06-05,43.78750228881836,44.37520864944505,43.451673220113676,44.20489298300475,119093600
2019-06-06,44.43037796020508,44.49034769574577,43.6939478508396,43.91703717038729,90105200
2019-06-07,45.61297607421875,46.037562795872695,44.562308872858395,44.73981693459453,122737600
2019-06-10,46.195892333984375,46.8651530476269,45.96560691300584,46.01118450280199,104883600
2019-06-11,46.73081970214844,47.016276250741356,46.440568209735225,46.742814382224076,107731600
2019-06-12,46.582096099853516,47.00908035832402,46.39019219868125,46.524523831423096,73012800
2019-06-13,46.57249450683594,47.20577475889717,46.440564018697366,46.70442865523664,86698400
2019-06-14,46.23426055908203,46.438155428169374,45.648955456738996,45.94880408209821,75046000
2019-06-17,46.510128021240234,46.76680024667599,46.09753594726315,46.27264655043855,58676400
2019-06-18,47.603981018066406,48.04535744582771,46.826775495326416,47.02827295231363,106204000
2019-06-19,47.464839935302734,47.94699889900657,47.330508327991225,47.899020187599504,84496800
2019-06-20,47.84626007080078,48.12211941703031,47.503231246787394,48.06454714761381,86056000
2019-06-21,47.68313980102539,48.17969100957761,47.53201488359428,47.68793840514165,191202400
2019-06-24,47.63516616821289,48.014175378981264,47.536814912325745,47.62556895969275,72881600
2019-06-25,46.91313552856445,47.798285921333026,46.84596604435592,47.59918592168598,84281200
2019-06-26,47.92781448364258,48.213271017054275,47.34011179381618,47.44086051262108,104270000
2019-06-27,47.91343307495117,48.352412086906185,47.872654083929746,48.04536359755922,83598800
2019-06-28,47.476844787597656,47.855853995313346,47.26815125724798,47.659151485123374,124442400
2019-07-01,48.34760665893555,49.05285140942517,48.13171339190629,48.73620941522062,109012000
2019-07-02,48.63066101074219,48.726614791836525,48.302028003617494,48.3140226837871,67740800
2019-07-03,49.03365707397461,49.040853149657444,48.621064986934755,48.76259268904688,45448000
2019-07-05,48.99047088623047,49.1943694326661,48.671431482881296,48.77937992526596,69062000
2019-07-08,47.980587005615234,48.31161745661008,47.59438176256944,48.17008975928739,101354400
2019-07-09,48.27323913574219,48.338003814062816,47.690331409021574,47.78388404908018,82312000
2019-07-10,48.750606536865234,48.87054603290848,48.350009059312335,48.419576016764665,71588400
2019-07-11,48.39558029174805,49.028860601199824,48.38598674384137,48.76979088457013,80767200
2019-07-12,48.767391204833984,48.9353057375673,48.50352289606572,48.563492633489204,70380800
2019-07-15,49.22557067871094,49.38388803523281,48.93531548127198,48.95690371258,67789600
2019-07-16,49.05524826049805,49.441453539912956,48.81536929589903,49.076836488848954,67467200
2019-07-17,48.77939224243164,49.19677932673481,48.76020148472326,48.94730679705147,56430000
2019-07-18,49.33350372314453,49.38627738281287,48.863339389807166,48.93530380392419,74162400
2019-07-19,48.59707260131836,49.53500011636719,48.54190147109845,49.364684461868244,83717200
2019-07-22,49.70771408081055,49.710111552508515,48.841750963766714,48.85134451082072,89111600
2019-07-23,50.09632110595703,50.11311439007564,49.72450798606768,50.00516959017549,73420800
2019-07-24,50.055538177490234,50.170679044292804,49.6957197660028,49.81565923649861,59966400
2019-07-25,49.65974044799805,50.19227200117714,49.59017350388009,50.1083129059347,55638400
2019-07-26,49.83245849609375,50.30981530335246,49.68852965013139,49.77008762138751,70475600
2019-07-29,50.297813415527344,50.5280988040165,50.00036587821219,50.005164481793365,86693600
2019-07-30,50.08192825317383,50.41296238448018,49.72930589424204,50.0771296491696,135742800
2019-07-31,51.103816986083984,53.10200935598429,50.686429897756184,51.91460912083272,277125600
2019-08-01,49.99795913696289,52.300798122448015,49.59256685625634,51.31009705915373,216071600
2019-08-02,48.94010925292969,49.51821479790987,48.36679865203575,49.302325185624134,163448400
2019-08-05,46.37820053100586,47.6519573131319,46.195893826195025,47.493639970124235,209572000
2019-08-06,47.25615310668945,47.512825339880116,46.5461098048248,47.090636045699185,143299200
2019-08-07,47.74551010131836,47.870248194570905,46.49334520541715,46.874751901420616,133457600
2019-08-08,48.79856872558594,48.82255808256912,47.82945946381419,48.023760810487246,108038000
2019-08-09,48.396453857421875,48.822650132296985,47.98710732234036,48.47109827819087,98478800
2019-08-12,48.273651123046875,48.65169375794879,47.953399498178506,48.06657126313836,89927600
2019-08-13,50.31795883178711,51.081263786709165,48.27364747421818,48.403676318422924,188874000
2019-08-14,48.820228576660156,49.70874528510843,48.78170125060698,48.91895347185842,146189600
2019-08-15,48.57704544067383,49.39573114261871,48.07860766376741,48.99120512730545,108909600
2019-08-16,49.72320556640625,49.88212807374593,49.08270237561469,49.18865071384114,110481600
2019-08-19,50.65025329589844,51.22333184974015,50.57319861770534,50.71526404718342,97654400
2019-08-20,50.65264892578125,51.37261326354492,50.64301893017374,50.77786091368982,107537200
2019-08-21,51.201663970947266,51.444860921191584,50.951243603558915,51.285942069853526,86141600
2019-08-22,51.15831756591797,51.635081413266526,50.746564465365324,51.33409348642569,89014800
2019-08-23,48.793758392333984,51.0595965612192,48.39886234899058,50.42872331972758,187272000
2019-08-26,49.720802307128906,49.88935482276287,49.37647018489091,49.569103205973704,104174400
2019-08-27,49.159751892089844,50.21682123442154,49.008052816980474,50.05067532819102,103493200
2019-08-28,49.48963928222656,49.53539003561432,48.957494677651994,49.1453108526982,63755200
2019-08-29,50.32759475708008,50.40224285933737,49.76173958256889,50.2047929890166,83962000
2019-08-30,50.262577056884766,50.674326482082,49.891757874550635,50.604498899890494,84573600
2019-09-03,49.530582427978516,49.83879383287041,49.1742136799791,49.706358383697385,80092000
2019-09-04,50.37092971801758,50.44075729707975,49.9206529766744,50.178296719193554,76752400
2019-09-05,51.35577392578125,51.521919882232446,50.92957390803728,51.04756252147198,95654800
2019-09-06,51.350948333740234,51.63026601944907,51.17035557259266,51.54117476635039,77449200
2019-09-09,51.570072174072266,52.11666733290454,50.82362424500518,51.73140127816905,109237600
2019-09-10,52.17926788330078,52.19853155211733,50.977726393493114,51.4954241740746,127111600
2019-09-11,53.83831787109375,53.867215213888514,52.427286157903254,52.509157675957375,177158400
2019-09-12,53.71791458129883,54.51974683219561,53.6625338333997,54.12966766793136,128906800
2019-09-13,52.672889709472656,53.16410041287169,52.25632342762341,52.97387765066964,159053200
2019-09-16,52.949798583984375,53.00518301207086,52.38635002455924,52.42728394477362,84632400
2019-09-17,53.14242935180664,53.17132669215555,52.76198015904004,52.96424684480587,73274800
2019-09-18,53.640865325927734,53.660128994119724,52.83903304901028,53.2291122259332,101360000
2019-09-19,53.20504379272461,53.8792539149976,53.0629746766596,53.45787075149218,88242400
2019-09-20,52.427284240722656,53.5903021245644,52.364680069600674,53.3061712623539,221652400
2019-09-23,52.6656608581543,52.93534484990348,52.408013443475554,52.72104160485233,76662000
2019-09-24,52.41523361206055,53.57343810481628,52.29724871006431,53.2218826309216,124763200
2019-09-25,53.22188186645508,53.335053605963296,52.28520770855863,52.62472292708327,87613600
2019-09-26,52.9473876953125,53.20021828704927,52.6921505228775,52.973874779669096,75334000
2019-09-27,52.68974685668945,53.20503806562803,52.318927655185426,53.10390288400387,101408000
2019-09-30,53.929813385009766,54.076695641123095,53.16409818413681,53.19058526881853,103909600
2019-10-01,54.07911682128906,54.95318717758457,53.98520870918731,54.194698862468165,139223200
2019-10-02,52.72346496582031,53.83591538249209,52.475447485978464,53.710703351981884,138449200
2019-10-03,53.17131805419922,53.205028550655555,51.80122060149436,52.59582568570346,114426000
2019-10-04,54.66181182861328,54.77739383312959,53.910547170101694,54.331930250207414,138478800
2019-10-07,54.673851013183594,55.36491807533831,54.38008652056568,54.48362827165337,122306000
2019-10-08,54.033363342285156,54.91465707262313,54.01650992514922,54.3752889375554,111820000
2019-10-09,54.6666374206543,54.84963677919844,54.3319389532385,54.6666374206543,74770400
2019-10-10,55.40345001220703,55.48772810325284,54.731646561284045,54.88334198132975,113013600
2019-10-11,56.87710189819336,57.221430405971624,55.938017135382786,56.09212284413843,166795600
2019-10-14,56.79521560668945,57.33940411972234,56.506267937152586,56.56164868588965,96427600
2019-10-15,56.662784576416016,57.22382283538705,56.55683623894147,56.92042832966639,87360000
2019-10-16,56.43403625488281,56.64352636932957,56.15231197080203,56.1932458916511,73903200
2019-10-17,56.65315246582031,56.86263889167149,56.22936277841763,56.6074017120898,67585200
2019-10-18,56.92525100708008,57.20697529291118,56.414772935422135,56.48701077967433,97433600
2019-10-21,57.9124870300293,58.028069045974206,57.14436888293073,57.19252621915649,87247200
2019-10-22,57.78004837036133,58.31941635031665,57.69817686697342,58.06899602736151,82293600
2019-10-23,58.555389404296875,58.569839910082464,58.08344242536013,58.29533908685675,75828800
2019-10-24,58.65171432495117,58.94547884804368,58.225514373551526,58.87564758849574,69275200
2019-10-25,59.37408447265625,59.41020155520193,58.48316091956122,58.55058192309258,73477200
2019-10-28,59.96883773803711,60.01699507347286,59.407795778496116,59.57634828960584,96572800
2019-10-29,58.581886291503906,60.137393666231965,58.408520608918174,59.94957747544215,142839600
2019-10-30,58.57466125488281,59.06587564349659,58.08104395955555,58.935846792440884,124522000
2019-10-31,59.899009704589844,59.997734635760125,57.129920514953874,59.53301099623121,139162000
2019-11-01,61.598995208740234,61.62547862266393,59.99533043692069,60.08682828055856,151125200
2019-11-04,62.00352096557617,62.087799065682624,61.49304655122489,61.962583368951094,103272000
2019-11-05,61.914432525634766,62.16966974444476,61.71939290273919,61.895165179872116,79897600
2019-11-06,61.940914154052734,62.00111174823086,61.49063732533464,61.8277423830643,75864400
2019-11-07,62.65578079223633,62.87797622561507,62.33698153276228,62.48913605980215,94940400
2019-11-08,62.82727813720703,62.89972918450972,62.03269725658034,62.47708087764043,69986400
2019-11-11,63.32479476928711,63.39000071163937,62.37805932211968,62.38288693512304,81821200
2019-11-12,63.26681137084961,63.46727150358225,63.01564288775295,63.167790050044296,87388800
2019-11-13,63.873008728027344,63.94787724496436,63.051865162318514,63.06635536750636,102734400
2019-11-14,63.43104553222656,63.97203287087934,63.30062630937287,63.699121710448345,89182800
2019-11-15,64.1845703125,64.18939792465517,63.52040880635377,63.68221857315436,100206400
2019-11-18,64.50819396972656,64.5878901034768,63.815052084735555,64.19422230583804,86703200
2019-11-19,64.31258392333984,64.72556963603644,64.09522340983646,64.70141683000237,76167200
2019-11-20,63.563880920410156,64.26185046884207,62.8900568037216,64.13143860398654,106234400
2019-11-21,63.27888870239258,63.761915200189335,63.07842857838323,63.68462919164599,121395200
2019-11-22,63.22333526611328,63.56145232586072,62.99631223234019,63.41896039962427,65325200
2019-11-25,64.33187866210938,64.3487863573065,63.402051241454195,63.447939345332685,84020400
2019-11-26,63.82954025268555,64.52268211554335,63.39722946235417,64.46954890460653,105207600
2019-11-27,64.68692016601562,64.72073556516953,64.07589182337021,64.14109775979452,65235600
2019-11-29,64.54441833496094,64.72555327883829,64.21837396190178,64.38743619101386,46617600
2019-12-02,63.798160552978516,64.78594916370099,63.626688156649145,64.54926345283381,94487200
2019-12-03,62.66062545776367,62.67994327780828,61.89744258399069,62.38529677192378,114430400
2019-12-04,63.213687896728516,63.59286554130576,62.95768439195174,63.051878115422895,67181600
2019-12-05,64.14109802246094,64.21597392512254,63.4527910239609,63.70879452854286,74424400
2019-12-06,65.38004302978516,65.45008392869724,64.55648204866993,64.5999600306422,106075600
2019-12-09,64.46473693847656,65.40180240453456,63.97929281939081,65.20859470172705,128042400
2019-12-10,64.84147644042969,65.22548160232219,64.20870556916125,64.87045684956888,90420400
2019-12-11,65.39453887939453,65.47424237789252,64.84630646504499,64.9211749815738,78756800
2019-12-12,65.5611801147461,65.8268461449163,64.56131916352236,64.67241318690301,137310400
2019-12-13,66.45238494873047,66.48861047070119,65.43319849834741,65.56120025624476,133587600
2019-12-16,67.58992004394531,67.8145330524796,66.8943678133173,66.8991954267903,128186000
2019-12-17,67.72273254394531,68.05118703210448,67.33389237179259,67.51986229471765,114158400
2019-12-18,67.56092071533203,68.08259027011515,67.41118366514803,67.57541092209821,116028400
2019-12-19,67.6285400390625,67.90869630356615,67.3701264537908,67.50295579789868,98369200
2019-12-20,67.48847198486328,68.26372755491401,67.27593911783867,68.16229610408891,275978000
2019-12-23,68.58976745605469,68.65014577247727,67.71307312233479,67.75171612929323,98572000
2019-12-24,68.65497589111328,68.80472031244457,68.32893886684734,68.75641470938284,48478800
2019-12-26,70.0171127319336,70.03402042966727,68.758830663586,68.78781107661511,93121200
2019-12-27,69.99057006835938,70.9976840410775,69.5848293849864,70.30936947832512,146266000
2019-12-30,70.40592956542969,70.68850326907994,68.8843992638008,69.90841293370222,144114400
2019-12-31,70.9203872680664,70.92763237308777,69.92293604451447,70.0219573934077,100805600
2020-01-02,72.53852844238281,72.59890677347013,71.29231880429238,71.54590484669842,135480400
2020-01-03,71.8332748413086,72.59404000584014,71.60866931689996,71.76565143491464,146322800
2020-01-06,72.40569305419922,72.44433607127044,70.70302703365871,70.95420295942078,118387200
2020-01-07,72.06515502929688,72.67134838279743,71.84537704823941,72.41534488187352,108872000
2020-01-08,73.22441101074219,73.52630260685811,71.76808624589498,71.76808624589498,132079200
2020-01-09,74.77976989746094,74.97297760387046,73.95138098488776,74.20254952913984,170108400
2020-01-10,74.94881439208984,75.51396196419593,74.44647000292952,75.01402769601006,140644800
2020-01-13,76.55004119873047,76.57661149006776,75.1468497409281,75.26519625077637,121532000
2020-01-14,75.51636505126953,76.6973684411486,75.39319829942681,76.48725308231118,161954400
2020-01-15,75.19273376464844,76.19742976100052,74.76042298692015,75.31590787968373,121923600
2020-01-16,76.13465881347656,76.24576025053994,75.37389330782143,75.73616329817168,108829200
2020-01-17,76.97753143310547,76.97994155406593,76.07668423312775,76.38340344954888,137816400
2020-01-21,76.45585632324219,77.04755940221253,76.31819199284013,76.60559336877427,110843200
2020-01-22,76.72876739501953,77.28182746630861,76.63457368368562,76.94129287751667,101832400
2020-01-23,77.09829711914062,77.17799326899588,76.23367533614605,76.78191527056143,104472000
2020-01-24,76.87608337402344,78.08847725706723,76.68528583944577,77.34461967692074,146537600
2020-01-27,74.61553192138672,75.29659377968004,73.63257108817264,74.88360812840847,161940000
2020-01-28,76.72636413574219,76.89783652233591,75.39804092914581,75.49706227081296,162234000
2020-01-29,78.33241271972656,79.1801266517597,77.61753550777614,78.35898301190313,216229200
2020-01-30,78.21888732910156,78.27202053364006,76.98234079118615,77.4146515294585,126743200
2020-01-31,74.75077819824219,77.93150399168975,74.4561316996704,77.50885574859744,199588400
2020-02-03,74.54547882080078,75.71198454702287,72.99013293890515,73.49247724374133,173788400
2020-02-04,77.00651550292969,77.197313069489,75.74581580955447,76.15155637582674,136616400
2020-02-05,77.63443756103516,78.4338458330259,77.03065443292134,78.13436438960977,118826800
2020-02-06,78.54252624511719,78.54494373627665,77.34704001476739,77.90493506301061,105425600
2020-02-07,77.47494506835938,78.29077542045333,76.98350975131173,78.0414266120576,117684000
2020-02-10,77.84290313720703,77.84290313720703,75.97884171109904,76.05872699723375,109348800
2020-02-11,77.37323760986328,78.41179042644524,77.15536130814662,78.33916745517011,94323200
2020-02-12,79.21067810058594,79.21551716925477,77.8235202802382,77.8235202802382,113730400
2020-02-13,78.6466293334961,78.97344754144679,78.27866056338509,78.48201230906955,94747600
2020-02-14,78.66600036621094,78.91534913157656,78.15761730819476,78.61515688888446,80113600
2020-02-18,77.22557067871094,77.40713550005586,76.16280771158402,76.34437253292894,152531200
2020-02-19,78.34402465820312,78.57400976696101,77.46767279180867,77.46767279180867,93984000
2020-02-20,77.540283203125,78.59336068691168,77.0343234338156,78.10434874137093,100566000
2020-02-21,75.78516387939453,77.57660960627356,75.1678463572217,77.13358724414647,129554000
2020-02-24,72.18534088134766,73.63785968182607,70.01867143670297,71.96262546916086,222195200
2020-02-25,69.74026489257812,73.23841723217687,69.26820072326095,72.85592387195561,230673600
2020-02-26,70.84659576416016,72.11271051529036,69.35776562363947,69.3650279213828,198054800
2020-02-27,66.21548461914062,69.23672624207228,66.07991679515257,68.05050408823062,320605600
2020-02-28,66.17674255371094,67.39928345046577,62.06369649730183,62.279156964871476,426510000
2020-03-02,72.33785247802734,72.97454103190371,67.23225006740749,68.33616370279057,341397200
2020-03-03,70.04045104980469,73.59427823904339,69.18830204720706,73.5143929639958,319475600
2020-03-04,73.28926849365234,73.44904647858813,70.96282065269989,71.76412641873794,219178400
2020-03-05,70.9119644165039,72.51699133415363,70.54641152199336,71.54138326049582,187572800
2020-03-06,69.97024536132812,70.40358216932741,68.08197403311165,68.26837793734198,226176800
2020-03-09,64.43614959716797,67.32181576257562,63.66873234822989,63.850297174318,286744800
2020-03-10,69.07695007324219,69.34324665860709,65.21082898559138,67.09184552066098,285290000
2020-03-11,66.67787170410156,68.0795543718944,65.81362127140751,67.15236648355659,255598800
2020-03-12,60.093116760253906,65.36333966293708,60.03743791262368,61.95960486263178,418474000
2020-03-13,67.29278564453125,67.76485728131117,61.23578029525555,64.12629743078345,370732000
2020-03-16,58.6357536315918,62.71974667617121,58.10074101606611,58.57280879803252,322423600
2020-03-17,61.213985443115234,62.36389249089527,57.71341343349159,59.91882134064479,324056000
2020-03-18,59.71547317504883,60.521621618277884,57.403546490441286,58.04507789596301,300233600
2020-03-19,59.25791931152344,61.20913545401907,58.732592172693536,59.88976507646557,271857200
2020-03-20,55.49589538574219,60.96462703593952,55.19570687816326,59.83892290297791,401693200
2020-03-23,54.31693649291992,55.31675472983707,51.470001124172114,55.215078862447456,336752800
2020-03-24,59.76630401611328,59.962393449772364,56.720856028881734,57.21955352533474,287531200
2020-03-25,59.437068939208984,62.518828553443576,59.14172316127237,60.70318009593795,303602000
2020-03-26,62.56483840942383,62.622936807859325,59.640432917217446,59.67916764547244,252087200
2020-03-27,59.974491119384766,61.94265120534286,59.80745089827839,61.187342755761634,204216800
2020-03-30,61.68605422973633,61.85793725267391,60.376365510763634,60.700764195325654,167976400
2020-03-31,61.56016159057617,63.545269736802034,61.00578524680458,61.877297942194495,197002000
2020-04-01,58.321044921875,60.2117394199471,57.89013135585365,59.674307229705484,176218400
2020-04-02,59.294227600097656,59.347486910279144,57.35027386031046,58.18305177157115,165934000
2020-04-03,58.44209671020508,59.48064606073332,57.851405121245946,58.77859676208636,129880000
2020-04-06,63.540428161621094,63.69535964141811,60.37151755059765,60.73948627952092,201820400
2020-04-07,62.804481506347656,65.77488676591214,62.70038611330759,65.55700306601591,202887200
2020-04-08,64.41194915771484,64.72665861508077,63.240251523791564,63.605797071493534,168895200
2020-04-09,64.87674713134766,65.38029109822737,64.0802880085237,65.04863383479294,161834800
2020-04-13,66.15011596679688,66.25905781375604,64.353831433513,64.95420843019932,131022800
2020-04-14,69.49092102050781,69.78142775121215,67.31214270390448,67.78421429432576,194994800
2020-04-15,68.85665130615234,69.31661411100032,67.93672569645638,68.365216078865,131154400
2020-04-16,69.40377044677734,69.76932337939922,68.35311605698439,69.57081070155868,157125200
2020-04-17,68.46204376220703,69.46670842031787,67.02404968637673,68.91959068992213,215250000
2020-04-20,67.0409927368164,68.1909032698828,67.02162907324754,67.28792562164121,130015200
2020-04-21,64.9687271118164,67.11845556313274,64.25699249245112,66.88363145554771,180991600
2020-04-22,66.84008026123047,67.27583298086698,65.89594444342251,66.23727988733161,116862400
2020-04-23,66.58104705810547,68.20786856663918,66.54231233315308,66.78439882318551,124814400
2020-04-24,68.50318908691406,68.51287461154938,67.05793297952917,67.10635321481504,126161200
2020-04-27,68.55162811279297,68.88328539052851,67.77210939351758,68.21996344716476,117087600
2020-04-28,67.4404525756836,69.1955796657155,67.34846591334697,69.01401479433288,112004800
2020-04-29,69.65554809570312,70.12519647509855,68.72593686507632,68.92928862916094,137280800
2020-04-30,71.1249771118164,71.30170283288945,69.80561074344432,70.1953662779508,183064000
2020-05-01,69.97993469238281,72.38385146458401,69.2004159964793,69.29724910279991,240616800
2020-05-04,70.97006225585938,71.09836777466262,69.31419187836596,70.0041397159612,133568000
2020-05-05,72.03524780273438,72.868025831844,71.28477828502723,71.43003164134032,147751200
2020-05-06,72.77845001220703,73.41029209502018,72.35237549978946,72.73729206539267,142333600
2020-05-07,73.53133392333984,73.87752315205448,73.10284357834273,73.40545163246576,115215200
2020-05-08,75.28150939941406,75.33491288731747,73.86389829348582,74.19160117798899,133838400
2020-05-11,76.4660873413086,76.96127521844708,74.57997904728234,74.78874082159405,145946400
2020-05-12,75.59220123291016,77.60210241325883,75.47083037079274,77.15059895407951,162301200
2020-05-13,74.67951965332031,76.69428120977256,73.60174537683079,75.77185784641975,200622400
2020-05-14,75.13829803466797,75.19898348401253,73.19393386714296,73.91730709017112,158929200
2020-05-15,74.69406127929688,74.74018280409528,72.8734981674341,72.9074855679762,166348400
2020-05-18,76.45396423339844,76.82778872351427,75.32764600121479,76.01946169404773,135178400
2020-05-19,76.01215362548828,77.31809799165467,75.98059601335908,76.47093167167924,101729600
2020-05-20,77.4904556274414,77.56084540499204,76.8326201163857,76.87145968739159,111504800
2020-05-21,76.91273498535156,77.89341385727374,76.67484537253091,77.35209701743804,102688800
2020-05-22,77.40792083740234,77.49045214412094,76.54861296126474,76.65056034866812,81803200
2020-05-26,76.88361358642578,78.70659948141834,76.82778030514494,78.52697291852887,125522000
2020-05-27,77.21858215332031,77.36422869926452,76.00002111496565,76.74038797022739,112945200
2020-05-28,77.25257873535156,78.51240928442117,76.6165963973256,76.8933182003932,133560800
2020-05-29,77.17731475830078,77.95651372350704,76.82048407944905,77.49530586711329,153532400
2020-06-01,78.12644958496094,78.24782048460888,77.00012408043993,77.13120672626943,80791200
2020-06-02,78.48812103271484,78.5123966906775,77.41762896521124,77.85942075330303,87642800
2020-06-03,78.92021942138672,79.18238473569964,78.23568571032708,78.80856025827174,104491200
2020-06-04,78.24052429199219,79.04156912077111,77.8666999148798,78.74300150300884,87560400
2020-06-05,80.4688949584961,80.52958039964126,78.46142323225453,78.49055105874169,137250400
2020-06-08,80.94467163085938,80.97865903574063,79.45424095843477,80.16547259371143,95654400
2020-06-09,83.5007553100586,83.89399586857483,80.5927130816821,80.62427070317408,147712400
2020-06-10,85.64900970458984,86.11749956722853,84.010502671639,84.44986470562118,166651600
2020-06-11,81.5369644165039,85.21693078033901,81.43501701482725,84.79213265493966,201662400
2020-06-12,82.24090576171875,84.42558161332404,81.12915175448484,83.67794024802434,200146000
2020-06-15,83.25798797607422,83.91096385670902,80.73104554507634,80.893685772192,138808800
2020-06-16,85.46453094482422,85.73640798746258,83.67795482626669,85.3140322118676,165428800
2020-06-17,85.34558868408203,86.27043435065384,85.22421778392413,86.2097489005749,114406400
2020-06-18,85.37955474853516,85.79707083702235,84.7702706115274,85.30187561395847,96820400
2020-06-19,84.89164733886719,86.5520000635857,83.78231573429939,86.08594003974744,264476000
2020-06-22,87.11273956298828,87.25595632121572,85.23877276466217,85.2848942945191,135445200
2020-06-23,88.97215270996094,90.39219373833417,87.93807025920542,88.35801624501319,212155600
2020-06-24,87.401611328125,89.52074989472776,87.02778688442697,88.6007564046994,192623200
2020-06-25,88.5619125366211,88.60075211142514,86.79718241483171,87.55696539217314,137522400
2020-06-26,85.84077453613281,88.67842646058456,85.69269820221506,88.45753055778336,205256800
2020-06-29,87.81912994384766,87.91380280361521,85.27034099055639,85.74854264287053,130646000
2020-06-30,88.55219268798828,88.83863359997088,87.38703518205058,87.40645126373022,140223200
2020-07-01,88.38471221923828,89.17362306010735,88.33616830453525,88.62988380492604,110737200
2020-07-02,88.38471221923828,89.92855390147346,88.27063068613485,89.29257157809708,114041600
2020-07-06,90.74901580810547,91.21750566495867,89.78290085821105,89.81445847482968,118655600
2020-07-07,90.4674301147461,91.90688702119085,90.3557709756679,91.12768802006694,112424400
2020-07-08,92.5744400024414,92.60599762201831,91.3583012018077,91.44569210278156,117092000
2020-07-09,92.97252655029297,93.52111790635368,91.92388033894679,93.46771442129742,125642800
2020-07-10,93.13516235351562,93.19342541681863,91.9554408840775,92.56714748957603,90257200
2020-07-13,92.70551300048828,97.0530191182004,92.49189905133328,94.44111522553601,191649200
2020-07-14,94.2396469116211,94.43140759023446,91.15197107556455,92.08652103195597,170989200
2020-07-15,94.88776397705078,96.36606058527201,93.6886189450088,96.11603683855265,153198000
2020-07-16,93.72016143798828,94.5770395198075,93.12058901872845,93.75900100696389,110577600
2020-07-17,93.53083038330078,94.32702308898628,93.05748097078398,94.17167220899177,92186800
2020-07-20,95.50189971923828,95.64026431606665,93.2735318869254,93.61822848479565,90318000
2020-07-21,94.18382263183594,96.36849892999707,93.93379886291763,96.29324956124735,103433200
2020-07-22,94.44840240478516,95.13050624366167,93.79785618394567,93.88523967276372,89001600
2020-07-23,90.14945220947266,94.25906916667438,89.33869547436655,94.18139001162552,197004400
2020-07-24,89.9261245727539,90.27082118599914,86.55686722526087,88.34588050233073,185438800
2020-07-27,92.05738830566406,92.14963136535167,90.76600769371073,90.98932597811024,121214000
2020-07-28,90.54512023925781,91.80495076068121,90.54026066225798,91.62774658169793,103625600
2020-07-29,92.28070831298828,92.46519442099822,90.9917501608235,91.02815994322266,90329200
2020-07-30,93.39733123779297,93.50170842708098,91.04516275680574,91.45296717627383,158130000
2020-07-31,103.17497253417969,103.32547125877302,97.89776098025088,99.897958367961,374336800
2020-08-03,105.77474212646484,108.39635067212231,104.76008315372526,105.05865083451154,308151200
2020-08-04,106.48111724853516,107.57345533183008,105.24070281740102,105.96407603717955,173071600
2020-08-05,106.8670654296875,107.18748634754088,105.73588787997431,106.20195534302388,121776800
2020-08-06,110.59557342529297,111.09076870650271,106.60975774089576,107.19961845957583,202428800
2020-08-07,108.08112335205078,110.57371303352541,107.28349495082885,110.11653442162098,198045600
2020-08-10,109.65202331542969,110.67094558742494,106.99893519094111,109.52799944756865,212403600
2020-08-11,106.39102172851562,109.41374086189697,106.13081790570277,108.91522590001141,187902400
2020-08-12,109.92684173583984,110.18461136167227,107.2883431931704,107.48288378658236,165598000
2020-08-13,111.87225341796875,112.87658552884065,110.819282458527,111.30807542804246,210082000
2020-08-14,111.7725830078125,111.86255822594228,109.9608929550016,111.69719796444708,165565200
2020-08-17,111.48075103759766,112.92037661537533,110.85335133570575,112.89605718665909,119561600
2020-08-18,112.40971374511719,112.83527783176717,110.89713709457415,111.23272596173223,105633600
2020-08-19,112.55074310302734,113.96604930230188,112.45590697529136,112.81824198590108,145538000
2020-08-20,115.04818725585938,115.16248188226466,112.57504924247161,112.59207358329192,126907200
2020-08-21,120.97691345214844,121.46083817482683,115.99659572706068,116.00875173086001,338054800
2020-08-24,122.423828125,125.27146481367004,120.5562117393656,125.18634310109493,345937600
2020-08-25,121.41947937011719,121.76479740598619,119.69533820222341,121.29546291447672,211495600
2020-08-26,123.07069396972656,123.52787254916589,121.66997788314622,122.73753929165063,163022400
2020-08-27,121.5994644165039,124.0069396884171,120.45408376800025,123.67378500147916,155552400
2020-08-28,121.40248107910156,122.99286935955308,121.17875271683349,122.57460040324597,187630000
2020-08-31,125.5195083618164,127.42604193210997,122.56245254538821,124.09934857269191,225702700
2020-09-01,130.519287109375,131.12238232990026,126.96887253695941,129.13802940462026,151948100
2020-09-02,127.81510162353516,134.21558595979664,123.53514962091081,133.83622664521172,200119000
2020-09-03,117.58212280273438,125.32495545599747,117.21249271726687,123.44761726135523,257599600
2020-09-04,117.65992736816406,120.32517168099601,107.86466082006315,116.7942092436904,332607200
2020-09-08,109.74201965332031,115.74368657539894,109.60583975780702,110.84118807317701,231366600
2020-09-09,114.11924743652344,115.88959346489294,112.11545122343698,114.06088674565609,176940500
2020-09-10,110.39374542236328,117.21249954875044,109.43075684011971,117.07631964504925,182274400
2020-09-11,108.94440460205078,112.08628667869145,106.99896880558559,111.4442893036586,180860300
2020-09-14,112.21272277832031,112.76717161154352,109.72256765665087,111.59018399790295,140150100
2020-09-15,112.38782501220703,115.58806773554421,110.51047920250615,115.10170879439112,184642000
2020-09-16,109.07086181640625,112.83528298059828,108.98332076250016,112.08629341926631,154679000
2020-09-17,107.3296890258789,109.13894490518533,105.74416152788396,106.72660868027582,178011000
2020-09-18,103.9251708984375,107.85495187903756,103.19563251538361,107.38805146978207,287104900
2020-09-21,107.07676696777344,107.18376650924331,100.28719410755745,101.68790998043804,195713800
2020-09-22,108.75957489013672,109.78093154907663,106.18187865602258,109.60584204815116,183055400
2020-09-23,104.19752502441406,109.05138437794632,103.85706788480732,108.57475477224305,150718700
2020-09-24,105.26751708984375,107.24213295365429,102.13536471776598,102.30072495573343,167743300
2020-09-25,109.21675872802734,109.37239714582383,104.73252885742939,105.47179649946621,149981400
2020-09-28,111.82364654541016,112.17382557575709,109.70312127108637,111.8722854078883,137672400
2020-09-29,110.97736358642578,112.16408041867875,110.47155362609944,111.42482027829774,99382200
2020-09-30,112.65044403076172,114.0608892683136,110.52019713326597,110.68555737521241,142675200
2020-10-01,113.60372161865234,114.50834954010315,112.66991334832385,114.43053032893033,116120400
2020-10-02,109.93656158447266,112.22245433262894,109.15839180363562,109.81011094316419,144712000
2020-10-05,113.32161712646484,113.46752627225055,110.45210275141814,110.80228173280487,106243800
2020-10-06,110.07274627685547,112.95198998188178,109.18756954507073,112.5434428788478,161498200
2020-10-07,111.94036102294922,112.39753955518432,111.01627470298001,111.49291174621311,96849000
2020-10-08,111.83336639404297,113.22435314166701,111.46372888130158,113.07844398775582,83477200
2020-10-09,113.77880096435547,113.80798131062522,111.78472652844798,112.13490552618049,100506900
2020-10-12,121.00611114501953,121.76482993780782,116.02579270598136,116.78451149876966,240226800
2020-10-13,117.7961196899414,121.96907978641414,116.38568190119372,121.8523509831308,262330500
2020-10-14,117.8836669921875,119.67346409750246,116.35650041512618,117.69884824411241,150712000
2020-10-15,117.4167709350586,117.89340060422654,114.92661561063214,115.48106448900049,112559200
2020-10-16,115.77286529541016,118.23384747833158,115.56859545500912,117.97120952549623,115393800
2020-10-19,112.81582641601562,117.13468888800898,112.50455698180666,116.68723954016163,120639300
2020-10-20,114.30406188964844,115.73395813213436,112.4753478178989,113.0297966240417,124423700
2020-10-21,113.68153381347656,115.47133103249566,113.27298669065874,113.4869857975519,89946000
2020-10-22,112.59208679199219,114.81961147307034,111.4637305673421,114.24570410467129,101988000
2020-10-23,111.90145874023438,113.37026472424279,111.16219112016253,113.2146263110706,82572600
2020-10-26,111.91117095947266,113.370247465222,109.800367974341,110.8995436916035,111850700
2020-10-27,113.41886901855469,114.08031727373994,111.41507316663156,112.33915190463104,92276800
2020-10-28,108.16620635986328,112.28080553761286,108.06893607313397,111.91117547954262,143937800
2020-10-29,112.17382049560547,113.73989680449655,109.13893817712592,109.30430584931332,146129200
2020-10-30,105.89005279541016,108.93465662193633,104.78115517571706,108.03002883521329,190272600
2020-11-02,105.80250549316406,107.66039994190102,104.39206773628062,106.13323338437135,122866900
2020-11-03,107.42694854736328,108.44829771179337,105.76360211850799,106.66822990485883,107624400
2020-11-04,111.81390380859375,112.43644258276989,109.28483911084726,111.02600479592498,138235500
2020-11-05,115.7825927734375,116.35650010587017,113.68152628924997,114.73205582071998,126387100
2020-11-06,115.65105438232422,116.14799095011887,113.1565957663913,115.29052521485966,114457900
2020-11-09,113.34173583984375,118.86655905479424,113.0786522061061,117.41471118065078,154515300
2020-11-10,113.00071716308594,114.57923409087746,111.20782446930689,112.59147258432904,138023400
2020-11-11,116.43055725097656,116.56697207433398,113.4586543889182,114.18945127149735,112295000
2020-11-12,116.15774536132812,117.44394777392753,115.5341325209194,116.55725128655479,103162300
2020-11-13,116.20646667480469,116.60596516096147,114.85205685711352,116.38185824859463,81581900
2020-11-16,117.2198257446289,117.8921538375377,115.12487314428873,115.8751546907103,91183000
2020-11-17,116.33313751220703,117.5803631991879,115.91414693604456,116.48904444010537,74271000
2020-11-18,115.00794982910156,116.75211942679815,114.97871914080206,115.57310124972858,76322100
2020-11-19,115.60234069824219,116.01158523354931,113.8191942363378,114.57922192592288,74113000
2020-11-20,114.33561706542969,115.72900356959502,114.28690172841969,115.60233477250766,73604300
2020-11-23,110.93497467041016,114.60845147390663,110.83753656463605,114.17971488763942,127959300
2020-11-24,112.22117614746094,112.8837656693911,109.70723289360379,110.99344264268959,113874200
2020-11-25,113.05915832519531,113.760724582734,112.22117723247423,112.59145244287018,76499200
2020-11-27,113.60479736328125,114.48175502848095,113.24427569217946,113.58531271918777,46691300
2020-11-30,116.00184631347656,117.87268484188316,113.8191939296174,113.97510085734369,169410200
2020-12-01,119.57787322998047,120.30867019893745,116.93726107423544,117.91165703284473,127728200
2020-12-02,119.92863464355469,120.21121031244617,117.79470550188616,118.89577005938759,89004200
2020-12-03,119.79222869873047,120.61071764794492,119.08091645415566,120.35737264430932,78967600
2020-12-04,119.11991119384766,119.71429334953903,118.40859884170744,119.46094830759233,78260400
2020-12-07,120.58150482177734,121.38050924323434,119.11991082393762,119.17837220495473,86712000
2020-12-08,121.19537353515625,121.78001709074977,119.93840178511279,121.18563492753421,82225500
2020-12-09,118.66194915771484,122.72517888074941,117.90192143214601,121.34153828117272,115089200
2020-12-10,120.08455657958984,120.69843079499793,117.07367661772612,117.41471371847992,81312200
2020-12-11,119.27581024169922,119.61684733291102,117.46343320377245,119.29529488946088,86939800
2020-12-14,118.66194915771484,120.19175065083598,118.42809618847487,119.46095361716566,79184500
2020-12-15,124.60577392578125,124.62526601137206,120.95178845301263,121.15641074740138,157243700
2020-12-16,124.53755187988281,125.08321126755321,123.31955686522454,124.14779942243345,98208600
2020-12-17,125.40476989746094,126.26224318770603,124.76166492977711,125.59964613576102,94359800
2020-12-18,123.4169921875,125.79452063801119,122.89081749267945,125.6581058023967,192541500
2020-12-21,124.94680786132812,125.02476133357642,120.2891956882512,121.81899726937544,121251600
2020-12-22,128.50332641601562,130.9685466687522,126.33041301688388,128.2402353796709,168904800
2020-12-23,127.6069107055664,129.03925919185082,127.43151168864978,128.7761829686311,88223700
2020-12-24,128.59104919433594,130.04290467587725,127.74332938014881,127.95769770274158,54930100
2020-12-28,133.19020080566406,133.82355230210814,130.09161358052606,130.55933439782117,124486200
2020-12-29,131.416748046875,135.23637754463604,130.90031949667383,134.51533421618103,121047300
2020-12-30,130.29624938964844,132.50813272871576,129.98443549687033,132.1086267541331,96452100
2020-12-31,129.29258728027344,131.29010173967114,128.34742211950626,130.64699691249126,99116600
2021-01-04,126.09656524658203,130.18902467191572,123.51441486519408,130.10133261742502,143301900
2021-01-05,127.65560913085938,128.36692888537684,125.14166577453908,125.58989445727471,97664900
2021-01-06,123.35852813720703,127.69459465788168,123.14415983466812,124.44985429829092,155088000
2021-01-07,127.56790161132812,128.2597291998155,124.58625271929365,125.07345063938035,109578200
2021-01-08,128.6689910888672,129.23414253685505,126.89558328296363,129.0392514479538,105158200
2021-01-11,125.67759704589844,126.83713071211609,125.20989110987996,125.88222675621482,100384500
2021-01-12,125.50220489501953,126.36941672040446,123.6118743194809,125.2098831281038,91951100
2021-01-13,127.53870391845703,128.08436335121425,125.20015924432487,125.46323548419424,88636800
2021-01-14,125.609375,127.64585879719884,125.46320669883724,127.45098259708287,90221800
2021-01-15,123.88468170166016,126.88582255672144,123.748266884071,125.48269022260448,111598500
2021-01-19,124.55702209472656,125.41449519229258,123.68981039127024,124.50829932907384,90757300
2021-01-20,128.64950561523438,129.09773432738962,125.25861162121556,125.36579577837638,104319500
2021-01-21,133.36557006835938,136.0938817254987,130.1695525142569,130.3741822074859,120150900
2021-01-22,135.5092315673828,136.26925910487765,131.56292558848264,132.79065894872045,114459400
2021-01-25,139.2606658935547,141.37510329816405,133.04401504155618,139.40683420534555,157611700
2021-01-26,139.4945068359375,140.60531745751035,137.75033002105468,139.92324336849194,98390600
2021-01-27,138.42266845703125,140.60532045654497,136.81492129375977,139.75758597887605,140843800
2021-01-28,133.57997131347656,138.3545216080431,133.199957390702,135.94776180776887,142621100
2021-01-29,128.581298828125,133.2389103783543,126.8761058794983,132.3522064767238,177523800
2021-02-01,130.70545959472656,131.91371580928939,127.57764235343213,130.32544580541983,106239800
2021-02-02,131.53372192382812,132.81991691760996,131.16344668453948,132.25476545115475,83305400
2021-02-03,130.51060485839844,132.29375135316877,130.18905238870838,132.28399787741546,89880900
2021-02-04,133.8722381591797,133.88197676464856,131.1439269498007,132.81015030717464,84183100
2021-02-05,133.45753479003906,134.10160078327885,132.57927381040088,134.0332988756867,75693800
2021-02-08,133.6039276123047,133.65272320012699,131.66197638343067,132.74517291566528,71297200
2021-02-09,132.72561645507812,134.55046970081816,132.56949146196018,133.32088673165194,76774200
2021-02-10,132.12060546875,133.6819746696006,131.15450660056266,133.18428060554035,73046600
2021-02-11,131.8668975830078,133.09646585492624,130.5397381460376,132.61829297068624,64280000
2021-02-12,132.10108947753906,132.25722938185646,130.4616651531689,131.10573109073752,60145100
2021-02-16,129.97373962402344,132.7256347192669,129.58338986171597,132.21820236374853,80576300
2021-02-17,127.68047332763672,129.0271538654206,126.34356083975098,128.08057622514062,97918500
2021-02-18,126.5777587890625,126.86074929343846,124.33329640042257,126.08006478126129,96856700
2021-02-19,126.73390197753906,127.55362902270863,125.68974801869315,127.09497736433161,87668800
2021-02-22,122.95736694335938,126.58753801577001,122.56702460688798,124.91882434122574,103916400
2021-02-23,122.82073211669922,123.65020481957035,115.53111655663116,120.77144442573531,158273000
2021-02-24,122.32305908203125,122.52798712933733,119.27840529901451,121.92296359305101,111039900
2021-02-25,118.0683364868164,123.40624834822879,117.62920604594376,121.66923290454905,148199500
2021-02-26,118.33181762695312,121.83512279314837,118.27326144324365,119.62969515081251,164560400
2021-03-01,124.70413970947266,124.84075840671721,119.82487925027971,120.76169636502549,116307900
2021-03-02,122.09859466552734,125.61166008144252,121.99125035893012,125.30914836930083,102260900
2021-03-03,119.11248779296875,122.67434893414126,118.89779917065528,121.79608068156783,112966300
2021-03-04,117.22911071777344,120.61531871405342,115.75557939943269,118.80999380846009,178155000
2021-03-05,118.48795318603516,118.99540041730722,114.73092431231343,118.05858335014369,153766600
2021-03-08,113.55014038085938,118.07809310772461,113.40376109045417,118.00978376489019,154376600
2021-03-09,118.16590881347656,119.11248639429279,115.92145380009946,116.1556561829824,129525800
2021-03-10,117.08272552490234,119.2198363292163,116.56551771410868,118.75143154135017,111943300
2021-03-11,119.01490783691406,120.23472282472085,118.33181442180619,119.58090377809478,103026500
2021-03-12,118.10736846923828,118.24398715605516,116.28252996168703,117.4925843785623,88105100
2021-03-15,120.99588012695312,121.00564073101157,117.51208899403603,118.47818777651618,92403800
2021-03-16,122.53772735595703,124.14788454004912,121.70825469904881,122.66458542743165,115227900
2021-03-17,121.74728393554688,122.8207195259956,119.38571670236878,121.05442998675579,111932600
2021-03-18,117.61943817138672,120.20544741210641,117.41451014863442,119.91268883951182,121229700
2021-03-19,117.09248352050781,118.49771283246503,116.78997177230154,117.00466041109058,185549500
2021-03-22,120.41039276123047,120.87880505575174,117.35597829903826,117.42428764978501,111912300
2021-03-23,119.58090209960938,121.23984748167706,119.19055981995824,120.35182605450146,95467100
2021-03-24,117.1900634765625,119.93221266793454,117.17054971237121,119.85414272084951,88530500
2021-03-25,117.67797088623047,118.72213951191524,116.12637002014175,116.65333091197152,98844700
2021-03-26,118.28303527832031,118.54651952158424,116.04833301675248,117.44380185449447,94071200
2021-03-29,118.45867156982422,119.61993781154605,117.81461313280423,118.71239516993987,80819200
2021-03-30,117.00464630126953,117.49257225961915,115.98975941448322,117.20957431035725,85671900
2021-03-31,119.2003402709961,120.53725293655799,118.2244881319706,118.71241420148334,118323800
2021-04-01,120.02978515625,121.1812907100269,119.5320985965673,120.67385099174045,75089100
2021-04-05,122.85978698730469,123.11351063056416,120.09812362016332,120.87880831704123,88651200
2021-04-06,123.16228485107422,124.06006693940361,122.61581009211896,123.44528283557895,80171300
2021-04-07,124.81147766113281,124.83099142610236,122.11812394056145,122.79146423199435,83466700
2021-04-08,127.21208953857422,127.24136391246265,125.41652511857986,125.83613440452882,88844600
2021-04-09,129.788330078125,129.82735761061758,126.34357333569822,126.66560631746748,106686700
2021-04-12,128.07080078125,129.64192283851602,127.4755305635202,129.319889944631,91420000
2021-04-13,131.18380737304688,131.40826410568187,128.7441768121527,129.241870976382,91266500
2021-04-14,128.8417205810547,131.74000181214734,128.48066015580457,131.68145308268168,87222800
2021-04-15,131.2521209716797,131.74004707194615,130.41288748360844,130.58854862267228,89347100
2021-04-16,130.9202880859375,131.41796717012542,130.0615336909614,131.05690674965481,84922400
2021-04-19,131.5839080810547,132.1986997366617,130.1201297698555,130.28602285828597,94264200
2021-04-20,129.89564514160156,132.25720491889302,128.6270347117328,131.7595258175455,94812300
2021-04-21,130.27627563476562,130.5202386977521,128.1294036585496,129.16380466316036,68847100
2021-04-22,128.75392150878906,130.91054619483594,128.2367211149233,129.8273498266732,84566500
2021-04-23,131.07647705078125,131.85714691281353,128.9686326865185,128.9686326865185,78657500
2021-04-26,131.46678161621094,131.79856771997257,130.33478973127393,131.57412593099494,66905100
2021-04-27,131.14479064941406,132.14016416962335,130.87155319528986,131.74981431349988,66015800
2021-04-28,130.35433959960938,131.7595691601595,129.86641349610298,131.0667075414383,107760100
2021-04-29,130.2567138671875,133.76003367761894,129.25158755183847,133.17451655261294,151101000
2021-04-30,128.2855224609375,130.3348029182655,127.90494074098223,128.59778738715457,109839500
2021-05-03,129.33941650390625,130.83248375117557,128.64656992797262,128.85149050777056,75135100
2021-05-04,124.76268768310547,128.31479612503944,123.64045629537989,128.0220375212291,137564700
2021-05-05,125.00665283203125,127.29989620196363,124.87978730136861,126.08008114657817,84000900
2021-05-06,126.60704040527344,126.61679356449366,124.06005871360824,124.80170829812977,78128300
2021-05-07,127.28152465820312,128.307897749906,126.56793194976201,127.90713017156261,78973300
2021-05-10,123.99710083007812,126.62659678553494,123.9579995481262,126.49953067035334,88071200
2021-05-11,123.07825469970703,123.43015134422814,120.0088672609952,120.72245265121907,126142800
2021-05-12,120.00885009765625,121.83679573122357,119.50054838799285,120.62468591755979,112172300
2021-05-13,122.15938568115234,123.3128473997713,121.46535470454872,121.77815750326876,105861300
2021-05-14,124.58360290527344,125.01370954120979,123.01958894433238,123.41059429901935,81918000
2021-05-17,123.43014526367188,124.07530523876078,122.3548860963308,123.96777857624596,74244600
2021-05-18,122.04206085205078,124.13393060717105,121.97363548465174,123.71360121948956,63342900
2021-05-19,121.88568115234375,122.11050419640777,120.09683669552412,120.3900925748675,92612000
2021-05-20,124.44673919677734,124.84752169451296,122.2864439727993,122.41352498808429,76857100
2021-05-21,122.6090316772461,125.12123109705438,122.39397836804899,124.94527906751188,79295400
2021-05-24,124.241455078125,125.06256693036593,123.10754794421824,123.17597331042118,63092900
2021-05-25,124.04598236083984,125.4340518020938,123.47902494524365,124.94528949452591,72009500
2021-05-26,123.99710083007812,124.52495694971883,123.57677137135352,124.10462749099422,56575900
2021-05-27,122.46239471435547,124.76931783925218,122.26689578830224,123.5963093673209,94625600
2021-05-28,121.80745697021484,122.97069563858864,121.74880878787852,122.74586517662357,71311100
2021-06-01,121.48490142822266,122.53083648398967,121.15255171788874,122.26691215271315,67637100
2021-06-02,122.24735260009766,122.42330463275813,121.26007323809793,121.4848962778378,59278900
2021-06-03,120.76154327392578,122.04207853123913,120.36076073695506,121.87590368031279,76229200
2021-06-04,123.05868530273438,123.32261707615766,121.0645647856299,121.27961809499506,75169300
2021-06-07,123.0684585571289,123.47901079400312,122.02252359682196,123.33238286431767,71057600
2021-06-08,123.88956451416016,125.57088967583601,123.37148561983427,123.75271376689696,74403800
2021-06-09,124.27079772949219,124.87685639052275,123.67451625303815,124.34900029049098,56877900
2021-06-10,123.27373504638672,125.30695678436511,123.10756020588629,124.16326489562331,71186400
2021-06-11,124.48584747314453,124.57382721619663,123.2639604593567,123.68428989041197,53522400
2021-06-14,127.54545593261719,127.60410412556826,124.21215187864384,124.94528412175958,96906500
2021-06-15,126.72434997558594,127.66276579909551,126.47997256396104,127.01760585265852,62746300
2021-06-16,127.22286224365234,127.9462246818499,125.57088362966448,127.43791553837022,91815000
2021-06-17,128.82601928710938,129.568936334781,126.73414876059148,126.88078419055574,96721700
2021-06-18,127.5259017944336,128.5522748841205,127.31084850130004,127.7702791806661,108953300
2021-06-21,129.32449340820312,129.4320200361711,126.30399301656993,127.36947465650123,79663300
2021-06-22,130.96670532226562,131.0644622285742,128.65978254011517,129.1583218804352,74783600
2021-06-23,130.69302368164062,131.29908974446735,130.23359300049012,130.76145650954527,60214200
2021-06-24,130.4095458984375,131.6118784063628,129.94033059947196,131.4261492149737,68711000
2021-06-25,130.11627197265625,130.87872808294074,129.8230161804832,130.45840621612638,70783700
2021-06-28,131.74874877929688,132.20817950576375,130.35091714623502,130.40956533844553,62111300
2021-06-29,133.26385498046875,133.42026006032864,131.32839059293283,131.76826682888063,64556100
2021-06-30,133.8797149658203,134.319591281627,132.81421821699357,133.1074740660687,63261400
2021-07-01,134.18275451660156,134.24140270940268,132.70670539157666,133.52782483763312,52485800
2021-07-02,136.81224060058594,136.85133441897935,134.65193797296,134.79855843644995,78852600
2021-07-06,138.82589721679688,139.9304727602518,136.91975675935547,136.91975675935547,108181800
2021-07-07,141.3185577392578,141.63135302793145,139.45151098591106,140.3117092164722,104911600
2021-07-08,140.01846313476562,140.8200131513889,137.50625661436462,138.39579381995796,105575500
2021-07-09,141.8463897705078,142.37423828416007,139.44171008126813,139.53946698760842,99890800
2021-07-12,141.25013732910156,143.02921196222175,140.76138252865485,142.92168530949897,76299700
2021-07-13,142.36447143554688,144.1435457407315,140.39968286953984,140.79068067157974,100827100
2021-07-14,145.79551696777344,146.20608403003186,144.35857699669697,144.7691440589554,127050800
2021-07-15,145.14060974121094,146.626428391954,143.7818721014033,145.88352652438826,106820300
2021-07-16,143.0976104736328,146.39181260894236,142.59908601439943,145.12106223258928,93251400
2021-07-19,139.24620056152344,140.82977581289353,138.4837444801858,140.51696566895572,121434600
2021-07-20,142.863037109375,143.7916832596006,139.74479368631023,140.23354853774924,96350000
2021-07-21,142.12989807128906,142.8434908596877,141.3772263751189,142.25697909961474,74993500
2021-07-22,143.49838256835938,144.86688975892292,142.53064289499747,142.65772388969611,77338200
2021-07-23,145.21884155273438,145.375246687613,143.61572620926512,144.2315621055905,71447400
2021-07-26,145.63916015625,146.46026463758602,144.37816442398642,144.9353520535012,72434100
2021-07-27,143.46908569335938,145.85421146271116,142.27652280868347,145.76622426436333,104818600
2021-07-28,141.71932983398438,143.66457920057397,139.33420415472008,141.55315500100113,118931200
2021-07-29,142.36447143554688,143.2540085881392,141.32831383609212,141.4358404689946,56699500
2021-07-30,142.5795440673828,143.03897475076792,140.86890234879084,141.13283410460213,70440600
2021-08-02,142.24722290039062,143.64505468245218,141.9832910916965,143.06832751008895,62880000
2021-08-03,144.04580688476562,144.710506214658,141.91482832443904,142.53066410966022,64786600
2021-08-04,143.64503479003906,144.4661392860283,142.99010513855148,143.9578450260043,56368300
2021-08-05,143.7525634765625,144.51501979299104,142.88258050445233,143.67436091646556,46397700
2021-08-06,143.06727600097656,144.01688208379585,142.56800458197282,143.2728671370131,54126800
2021-08-09,143.01832580566406,143.61550061721744,142.4603183242228,143.12601355653302,48908700
2021-08-10,142.53860473632812,144.60424024721186,142.2449095809598,143.36093922099448,69023100
2021-08-11,142.7931671142578,143.6350854630747,142.4701038589951,142.97917458892059,48493500
2021-08-12,145.7594451904297,145.91608462298464,142.77357136091953,143.11621825238865,72282600
2021-08-13,145.9650421142578,146.29788971819715,145.15249183078768,145.83777070300374,59375000
2021-08-16,147.94256591796875,148.01110127736936,143.3903421833443,145.4168108670683,103296000
2021-08-17,147.03213500976562,148.49079698288415,145.95525743273268,147.07128740440294,92229700
2021-08-18,143.28268432617188,147.55101302601977,143.07709314303492,146.6503584300104,86326000
2021-08-19,143.61553955078125,144.88820924116803,141.46179888749177,141.98065411743994,86960300
2021-08-20,145.0741729736328,145.37765255184942,143.6938159198485,144.33994240518913,60549600
2021-08-23,146.5622100830078,147.03211343952145,144.78047016020776,145.191637464402,60131800
2021-08-24,146.47409057617188,147.68802375922274,146.0139715839325,146.3076667825046,48606400
2021-08-25,145.24061584472656,147.15941188820682,144.6923926717211,146.66012547582167,58991300
2021-08-26,144.43783569335938,145.98461660195343,144.4084676646739,145.23081728174643,48597200
2021-08-27,145.47555541992188,145.62239555790586,143.7427671019152,144.37909428379132,55802400
2021-08-30,149.9005126953125,150.26274327805922,145.48534478526688,145.86714409511154,90956700
2021-08-31,148.63763427734375,149.5872403166816,148.1089799162903,149.45018454491938,86453100
2021-09-01,149.30332946777344,151.72139660647437,149.13690566906416,149.61660833919711,80313700
2021-09-02,150.4193572998047,151.46686670695442,149.1956397332981,150.63473278654652,71115500
2021-09-03,151.0557098388672,151.37877309131167,149.87114457990415,150.5270554483364,57808700
2021-09-07,153.3954620361328,153.9534695341939,151.14381850232894,151.71162530218976,82278300
2021-09-08,151.8486785888672,153.73809149809526,150.7424330368148,153.67935544010308,74420200
2021-09-09,150.83055114746094,152.82765179688866,150.7130640942289,152.2206926173688,57305700
2021-09-10,145.83775329589844,152.21086845375513,145.57342614175107,151.74096513145994,140893200
2021-09-13,146.4055938720703,148.23627083685082,145.62241152835927,147.46288779538614,102404300
2021-09-14,145.00563049316406,147.8936158708618,143.8210802661935,147.18875336474773,109296300
2021-09-15,145.89651489257812,146.2978978750979,143.29244009500678,145.43639585173057,83281300
2021-09-16,145.6615447998047,145.837767899535,144.12456328294863,145.31891283926268,68034100
2021-09-17,142.9889678955078,145.69094622198233,142.69527265072225,145.69094622198233,129868800
2021-09-20,139.9345703125,141.7946152611483,138.29968524042357,140.7764886965952,123478900
2021-09-21,140.41427612304688,141.55968919492042,139.77794880575027,140.90376327110957,75834000
2021-09-22,142.7833709716797,143.35116277449677,140.67856780429392,141.412798340786,76404300
2021-09-23,143.74281311035156,143.98755671063387,142.57783118293364,143.5665899504071,64838200
2021-09-24,143.8308868408203,144.369325635303,142.49948133899076,142.5973847336097,53477900
2021-09-27,142.3134765625,142.89108270101565,140.79607848273122,142.41137995898362,74150700
2021-09-28,138.92620849609375,141.70649116246142,138.7108330139708,140.23803011414577,108972300
2021-09-29,139.8268585205078,141.41279162385416,139.0436763311914,139.4744272822133,74602000
2021-09-30,138.52481079101562,141.34426048337465,138.30943533185172,140.6393980602849,89056700
2021-10-01,139.65061950683594,139.91494663990278,136.1850585071122,138.9163890889494,94639600
2021-10-04,136.21446228027344,139.219920083201,135.36275955212915,138.77936976647533,98322000
2021-10-05,138.14303588867188,139.2492814021404,136.4298312131739,136.55710262635787,80861100
2021-10-06,139.0143280029297,139.16116814887556,135.46064709144002,136.53752462157624,83221100
2021-10-07,140.27720642089844,141.18766019383065,139.7191988951329,140.05204653772714,61732700
2021-10-08,139.89540100097656,141.14848672637,139.5625533728477,141.00164657806616,58773200
2021-10-11,139.8072967529297,141.76524506387435,138.82832259745734,139.27865728167708,64452200
2021-10-12,138.53460693359375,140.23802709057873,138.07448795333846,140.21844342772843,73035900
2021-10-13,137.94723510742188,138.4269228251495,136.27318293183075,138.27029833211344,78762700
2021-10-14,140.73731994628906,140.85480700337075,138.53462808500012,139.12201855652793,69907100
2021-10-15,141.79461669921875,141.85335275996707,140.49257924677562,140.74712209396571,67940300
2021-10-18,143.46865844726562,143.75255436574946,140.14993682023066,140.4338327387145,85589200
2021-10-19,145.63218688964844,146.03356986995644,143.4686624173773,143.91898215404882,76378900
2021-10-20,146.12167358398438,146.60137628639336,145.00564367087514,145.57345046006543,58418800
2021-10-21,146.33705139160156,146.4936908403183,144.76090241654427,145.68114050530517,61421000
2021-10-22,145.5636749267578,147.02233691182352,145.5147232295898,146.54264911827497,58883400
2021-10-25,145.5146942138672,146.22934104854468,144.51613655500375,145.55384660101817,50720600
2021-10-26,146.18043518066406,147.66846521408038,145.87694062980856,146.19021954502938,60893400
2021-10-27,145.72030639648438,146.58179347999342,145.36787510933436,146.21957782913032,56094900
2021-10-28,149.36207580566406,149.94945126434328,146.5719938285733,146.66989720733233,100077900
2021-10-29,146.65032958984375,146.78738537232746,143.33160784302547,144.12457450867834,124953200
2021-11-01,145.82798767089844,146.55241894044252,144.69237413631248,145.85735569869297,74588300
2021-11-02,146.86573791503906,148.38315116316522,145.52453288178475,145.5343321856976,69122000
2021-11-03,148.30479431152344,148.77469770489486,146.66990932924497,147.2279168080061,54511500
2021-11-04,147.78591918945312,149.22499720293538,147.47264034437023,148.3928782793543,60394600
2021-11-05,148.3153533935547,149.2173222899692,147.11926062749689,148.9133997765836,65463900
2021-11-08,147.49183654785156,148.5996967763102,147.2173248919126,148.44282869869843,55020900
2021-11-09,147.85455322265625,148.46239820996468,147.11925107616622,147.25650687845393,56787900
2021-11-10,145.02120971679688,147.18790692538667,144.95258928599077,147.08006199718062,65187100
2021-11-11,144.97218322753906,146.50160947604698,144.7859042685968,146.0408338404559,41000000
2021-11-12,147.05062866210938,147.45258246065882,144.5898079376244,145.5211876519379,63804000
2021-11-15,147.06044006347656,148.9036023660625,146.5016032105498,147.42318436184277,59222800
2021-11-16,148.0408477783203,148.52125061689011,146.41337526538132,147.00162302853775,59256200
2021-11-17,150.48204040527344,151.96244333873707,148.03103325464866,148.0408318977374,88807000
2021-11-18,154.7761993408203,155.56052464418286,150.0506651936485,150.69773469090467,137827700
2021-11-19,157.40367126464844,157.86446177371923,153.4624478516477,154.56049419168397,117305600
2021-11-22,157.864501953125,162.45278100729988,157.84488970355858,158.5115565911854,117467900
2021-11-23,158.246826171875,158.6291826815126,155.94287351139204,157.96250097049108,96041900
2021-11-24,158.7664337158203,158.9625112862029,156.51150425702141,157.5997519763684,69463600
2021-11-26,153.73696899414062,157.30563478087385,153.29579070221752,156.44289044282164,76959800
2021-11-29,157.09971618652344,158.0310956537644,155.67812046521448,156.2467557617868,88748200
2021-11-30,162.06057739257812,162.27626719412675,156.78600581613065,156.854641189241,174048100
2021-12-01,161.54098510742188,166.96261178270726,161.30568303306615,164.19786850812946,152052500
2021-12-02,160.55078125,160.98216094033538,154.70758806208025,155.62916922602187,136739200
2021-12-03,158.6684112548828,161.72727865884264,156.58996176944189,160.80569748404918,118023100
2021-12-06,162.0802459716797,164.59007548777717,161.06061838091264,161.07041702629473,107497000
2021-12-07,167.82537841796875,168.21754859396336,165.04103748733866,165.76654109310675,120405400
2021-12-08,171.64895629882812,172.51171571219845,167.35478644015964,168.75677048688644,116998900
2021-12-09,171.13912963867188,173.28621440591945,170.5116723744327,171.48227664120193,108923700
2021-12-10,175.9332733154297,176.10975359233288,171.26656153614417,171.776375163048,115402700
2021-12-13,172.29603576660156,178.56081059859196,172.09014454574864,177.57059395318785,153237000
2021-12-14,170.91363525390625,174.25681265308427,168.83518594286804,171.81560410510698,139380400
2021-12-15,175.7862548828125,175.9823324841572,168.93323276156414,171.6783640596761,131063300
2021-12-16,168.88418579101562,177.59016769208043,167.40378290602789,175.7666178333374,150185800
2021-12-17,167.78614807128906,170.07048857395336,166.36456688905028,166.59985400570397,195432700
2021-12-20,166.42337036132812,167.23710645635137,164.17825459824692,164.9821770913153,107499100
2021-12-21,169.5998992919922,169.80577551895627,165.8057299805719,168.19791539703556,91185900
2021-12-22,172.19796752929688,172.4136573675495,168.77635596770887,169.64891396436306,92135300
2021-12-23,172.82542419433594,173.38426103506748,171.83522263836468,172.4038581227058,68356600
2021-12-27,176.79605102539062,176.88428369318993,173.599943060433,173.61954034677024,74919600
2021-12-28,175.7764434814453,177.77647393560375,175.03134260309423,176.62940424561387,79144300
2021-12-29,175.8646697998047,177.0901733747063,174.64896486798852,175.81564666485653,62348900
2021-12-30,174.7078094482422,177.03137470215592,174.5999645211849,175.95292543158308,59773000
2021-12-31,174.09014892578125,175.71760635907094,173.7862114626908,174.59994765921613,64062300
2022-01-03,178.443115234375,179.2960758764328,174.22739499699918,174.34503855048575,104487900
2022-01-04,176.1784210205078,179.3549322145944,175.6097854694808,179.051009669682,99310400
2022-01-05,171.49208068847656,176.639196130045,171.21756906170717,176.09017287650624,94537600
2022-01-06,168.62933349609375,171.86466672372745,168.27638778108346,169.31561267534596,96904000
2022-01-07,168.7959747314453,170.72736974687896,167.67831596269667,169.50186605484046,86709100
2022-01-10,168.81556701660156,169.119489502726,164.87434342032694,165.7665135929736,106765600
2022-01-11,171.64895629882812,171.7469876214078,167.47244497092254,168.9430494474789,76138300
2022-01-12,172.09014892578125,173.70780800028308,171.3940711266009,172.66858314420182,74805200
2022-01-13,168.81556701660156,173.15874440691425,168.42339690566672,172.33520961359125,84505800
2022-01-14,169.67832946777344,170.37440711806423,167.7371210418755,167.9822217558743,80440800
2022-01-18,166.47242736816406,169.1587219328493,166.0900708080933,168.14890807010434,90956700
2022-01-19,162.9723358154297,167.72729487050043,162.6880256161482,166.6684581646365,94815000
2022-01-20,161.2860870361328,166.35476859042288,160.9625522612085,163.7076835662155,91420500
2022-01-21,159.22720336914062,163.07038009212062,159.11935847559812,161.19780737686338,122848900
2022-01-24,158.4527130126953,159.11939476840692,151.66832669269064,156.88407733764427,162294600
2022-01-25,156.6487579345703,159.5703540851256,153.94285159644792,155.86443270388338,115798400
2022-01-26,156.560546875,161.1684376714049,154.72719817611775,160.29587965880856,108275300
2022-01-27,156.0997314453125,160.6291874906743,155.17815044081257,159.26642822820887,121954600
2022-01-28,166.99205017089844,167.01166242026449,159.60961653958563,162.46259295194113,179935700
2022-01-31,171.35484313964844,171.5705330064948,166.18811489980484,166.82538585540124,115541600
2022-02-01,171.18817138671875,171.41365989188193,168.93324145579845,170.5999235926481,86213900
2022-02-02,172.39401245117188,172.43323693783623,169.933206984409,171.32537706582437,84914300
2022-02-03,169.51165771484375,172.78621481447524,168.74694463929947,171.0606961129302,89418100
2022-02-04,169.2269744873047,170.9056058671137,167.54834310749567,168.52999503096257,82465400
2022-02-07,168.5103759765625,170.75835233330088,167.8133965069876,169.68835531132382,77251200
2022-02-08,171.62220764160156,172.13267083606547,168.2845821132694,168.57908068618394,74829200
2022-02-09,173.04562377929688,173.4088302479398,171.6909391445202,172.81984799977465,71285000
2022-02-10,168.9619598388672,172.260311595142,168.40242591370043,170.9449013357311,90865900
2022-02-11,165.54579162597656,169.90432887481495,164.95679443820137,169.16808987950634,98670700
2022-02-14,165.78140258789062,166.46855602542965,163.50396264767951,164.2990984096048,86185500
2022-02-15,169.61965942382812,169.77672735442647,167.1262696855739,167.83306039444423,62527400
2022-02-16,169.38406372070312,170.15956224722075,166.9299336029845,168.6969102835062,61177400
2022-02-17,165.78140258789062,168.75580709374077,165.37892165346722,167.89194849865083,69589300
2022-02-18,164.23037719726562,167.4109199862711,163.14074291393072,166.70414435001902,82772700
2022-02-22,161.3050537109375,163.6315640117695,159.17485582320555,161.95293260639133,91162800
2022-02-23,157.1330108642578,163.10144062873755,156.81887509832848,162.5026324314003,90009200
2022-02-24,159.75404357910156,159.86202589264875,149.2110962540396,149.78045618194105,141147500
2022-02-25,161.82533264160156,162.090367887761,157.91834703084373,160.83385456915977,91974200
2022-02-28,162.0903778076172,162.38487641130448,159.44973145996255,160.06817702982372,95056600
2022-03-01,160.20559692382812,163.54322257611173,158.99816920673908,161.67807486426554,83474400
2022-03-02,163.5039520263672,164.2892766091773,159.96018776566925,161.37376901896334,79724800
2022-03-03,163.17999267578125,165.8108275814803,162.5124765673441,165.37889834481186,76678400
2022-03-04,160.1761474609375,162.51248390357455,159.1257876596409,161.4719352294381,83737200
2022-03-07,156.37716674804688,161.99221739182056,156.121927641353,160.3626714753167,96418800
2022-03-08,154.55126953125,159.89145798739116,152.94136109775025,155.90595387633803,131148300
2022-03-09,159.960205078125,160.41177163023045,156.4851632700245,158.51717530744355,91454900
2022-03-10,155.6115264892578,157.44721149348513,153.11812126393562,157.2606951602336,105342000
2022-03-11,151.89097595214844,156.35749455358172,151.66520023648016,156.01391043854167,96970100
2022-03-14,147.85641479492188,151.29219668682538,147.34596655573256,148.671187726746,108732100
2022-03-15,152.24440002441406,152.71560375350202,147.62082764624324,148.13127588452474,92964300
2022-03-16,156.66183471679688,157.06431562049127,151.62597028281274,154.16844529700253,102300200
2022-03-17,157.67294311523438,158.04597567713608,154.73781315339022,155.6998279417029,75615400
2022-03-18,160.97128295898438,161.4621089351798,156.8287105215893,157.56494948588247,123511700
2022-03-21,162.3455810546875,163.2977845082452,160.01905608048526,160.50988198525448,95811400
2022-03-22,165.7224884033203,166.31147058252574,161.88422570672876,162.4732078859342,81532000
2022-03-23,167.0869903564453,169.47239748158006,164.57394870167656,164.90772175927947,98062700
2022-03-24,170.8761749267578,170.94488277941835,167.08699751675573,167.9213927494687,90131400
2022-03-25,171.5142364501953,172.06395916657084,169.580380836561,170.68965237563202,80546200
2022-03-28,172.3780975341797,172.5057021088352,168.84414433562662,169.01102337849983,90371900
2022-03-29,175.6764678955078,175.7255385178658,173.1045291861119,173.44811341555265,100589400
2022-03-30,174.50828552246094,176.31452166228107,173.45791066079582,175.27397290735905,92633200
2022-03-31,171.40628051757812,174.763529034082,171.20012697779308,174.5770127311391,103049300
2022-04-01,171.11172485351562,171.67127357586256,168.78521485365147,170.83686354462102,78751300
2022-04-04,175.16598510742188,175.21507070313862,171.2393771112145,171.3669966643139,76468400
2022-04-05,171.84799194335938,175.0285497272662,171.21973527998745,174.2432251533462,73401800
2022-04-06,168.67726135253906,170.44423791053993,167.00845598396842,169.19753570311426,89058800
2022-04-07,168.98159790039062,170.17921470325928,166.7336211021802,168.01958300227122,77594700
2022-04-08,166.9691925048828,168.62818685521674,166.0955227852114,168.62818685521674,76575500
2022-04-11,162.7088623046875,165.928680523331,162.46344923937124,165.61455958871505,72246700
2022-04-12,164.5837860107422,166.75322864931675,163.58249672741925,164.93718134727843,79265200
2022-04-13,167.2735137939453,167.90177054609936,163.71012681510052,164.31874633095592,70618900
2022-04-14,162.2572479248047,168.12753750441655,162.01183493170848,167.4894547350742,75329400
2022-04-18,162.0413055419922,163.54323192882495,160.56882751734665,160.91239673580466,69023900
2022-04-19,164.3285369873047,164.7408440040976,160.90258113171808,161.99221543879506,67723800
2022-04-20,164.16168212890625,165.78141713684764,163.05242540339555,165.663608695201,67929800
2022-04-21,163.3665313720703,168.38277391627963,162.86589422198446,165.81085035411152,87227800
2022-04-22,158.82144165039062,164.789886524094,158.53676921276283,163.405768839327,84882400
2022-04-25,159.89146423339844,160.1761366901005,155.5525646879934,158.1637473249091,96046400
2022-04-26,153.92303466796875,159.36138008917553,153.84450071149385,159.27303500519898,95623200
2022-04-27,153.697265625,156.85817138310125,152.52909731194325,153.0493716898695,88063200
2022-04-28,160.6375274658203,161.5013859909982,156.01394010524191,156.3280759248776,130216800
2022-04-29,154.75741577148438,163.1505424974972,154.36476100370217,158.87053962186658,131747600
2022-05-02,155.061767578125,155.32680285229077,150.45781697290937,153.83470249054395,123055300
2022-05-03,156.5538787841797,157.76132169874938,153.45186941180674,155.24827964309745,88966500
2022-05-04,162.9738311767578,163.4253826031728,156.3378556199318,156.74033644086228,108256500
2022-05-05,153.8936004638672,161.06947475751667,152.10698649205247,160.84369897364428,130525300
2022-05-06,154.62106323242188,156.74455042350417,151.57346504147074,153.3725293282909,116124600
2022-05-09,149.48931884765625,153.19558860822082,148.92896288962842,152.31079472594658,131577900
2022-05-10,151.8979034423828,154.09021465537515,150.3446125608553,152.89083834180113,115366700
2022-05-11,144.0233154296875,152.82200644382692,143.34497796029567,150.90497555260774,142689800
2022-05-12,140.14990234375,143.728364519164,136.45347366831103,140.35635871962023,182602000
2022-05-13,144.62298583984375,145.59625448116793,140.69060910842344,142.14558429881745,113990900
2022-05-16,143.07952880859375,145.02606620057162,141.7425200447831,143.08936935150413,86643800
2022-05-17,146.71701049804688,147.2380493187645,144.20027628752518,146.343429833823,78336300
2022-05-18,138.4393310546875,144.86876045778243,137.53487119903903,144.3673878211131,109742900
2022-05-19,135.0279998779297,139.26513365262397,134.29067919785544,137.51522710531395,136095600
2022-05-20,135.2639617919922,138.32138613190273,130.3681556306207,136.73860346717416,137426100
2022-05-23,140.69064331054688,140.83810147349175,135.32294116689727,135.46057378592263,117726300
2022-05-24,137.98712158203125,139.5699040628069,135.0083469444269,138.42951103300464,104132700
2022-05-25,138.14442443847656,139.39294348204788,136.00127092128338,136.0897458139781,92482700
2022-05-26,141.3493194580078,141.89984995235616,134.8215728806199,135.06734649422762,90601500
2022-05-27,147.11021423339844,147.14953140069923,142.80425687385537,142.93206391903007,90978500
2022-05-31,146.32379150390625,148.11303081321125,144.35760237324104,146.54991405453222,103718400
2022-06-01,146.19598388671875,149.17475890329976,145.18338279118626,147.36585369453903,74286600
2022-06-02,148.65367126464844,148.712654512819,144.37720576236944,145.33080827666313,72348100
2022-06-03,142.92227172851562,145.4684826787646,142.0178266612746,144.41656444787193,88570300
2022-06-06,143.66940307617188,146.05833007006927,142.45036072118282,144.54435641942476,71598400
2022-06-07,146.19598388671875,146.48107468002564,141.66391782175316,141.9096914369881,67808200
2022-06-08,145.45863342285156,147.33633206027957,144.9670862924701,146.06814706425965,53950200
2022-06-09,140.2285919189453,145.44882105467732,140.12045092928022,144.59353368240036,69473000
2022-06-10,134.81173706054688,138.38035945755297,134.74291325358388,137.90847835562724,91437900
2022-06-13,129.65045166015625,132.9143161949929,129.21788786619382,130.62370519574654,122207100
2022-06-14,130.51559448242188,131.62649584691928,129.25723497256138,130.87934957569854,84784300
2022-06-15,133.14044189453125,135.0181554391388,129.92573462276167,132.01971509318932,91533000
2022-06-16,127.86125946044922,130.15187128772985,126.85849893930482,129.8471144138601,108123900
2022-06-17,129.3358917236328,130.8301993524765,127.61547659200777,127.87109072638007,134520300
2022-06-21,133.57301330566406,134.74289788395257,131.06613492456364,131.16443535080262,81000500
2022-06-22,133.0618133544922,135.4310591073431,131.64615522779903,132.5112679712454,73409200
2022-06-23,135.93246459960938,136.24704700188127,133.33709602733944,134.5069807437755,72433800
2022-06-24,139.26515197753906,139.51092556990343,137.4071042192977,137.53489628676303,89116800
2022-06-27,139.26515197753906,141.06421647374572,138.5868144624807,140.28756352140977,70207900
2022-06-28,135.11648559570312,140.99538542275212,134.99851907769516,139.72720035167993,67083400
2022-06-29,136.87620544433594,138.29186353568556,134.35948661563768,135.13613945781051,66242400
2022-06-30,134.40863037109375,136.03072968185316,131.508505693856,134.92966905883227,98964500
2022-07-01,136.58128356933594,136.68942454210836,133.36657601668242,133.74014164921843,71051600
2022-07-05,139.1668243408203,139.2159820551499,134.6150930089742,135.44090360755794,73353800
2022-07-06,140.50384521484375,141.68355545577728,138.69495517869038,138.96039485817002,74064300
2022-07-07,143.87583923339844,144.07245506921953,140.85773290060996,140.86755844211166,66253700
2022-07-08,144.55418395996094,145.0555716697527,142.54867812328092,142.8042772492725,64547800
2022-07-11,142.42086791992188,144.1609490492264,141.34929872199137,143.20734636825597,63141600
2022-07-12,143.39413452148438,145.94034514627222,142.597830542374,143.2958190916168,77588800
2022-07-13,143.03041076660156,143.97417299746286,139.71737241231898,140.57267474752288,71185600
2022-07-14,145.9600372314453,146.43191837704046,140.82828289550088,141.64425310609462,78140700
2022-07-15,147.6312713623047,148.30960883923063,145.69457436327764,147.24786517980246,76259900
2022-07-18,144.58370971679688,149.0076347954927,144.21995456531678,148.19166459198905,81420900
2022-07-19,148.44725036621094,148.67335787183444,144.42639797966964,145.41931789638997,82982400
2022-07-20,150.45272827148438,151.12124012126654,147.8278685836861,148.56518922635394,64823400
2022-07-21,152.72369384765625,152.93997577721333,149.3713389403487,151.88805775611044,65086600
2022-07-22,151.4850311279297,153.63801052887143,150.81653405410532,152.76305700528843,66675400
2022-07-25,150.3642578125,152.4189211302385,149.7055864857965,151.40633528462277,53623900
2022-07-26,149.03707885742188,150.50187953761252,148.25060053874955,149.68590959456228,55138700
2022-07-27,154.13934326171875,154.67022256546406,149.5876270137746,150.0005248051165,78620700
2022-07-28,154.68991088867188,154.9750016662387,151.7996109329514,154.32615575764223,81378700
2022-07-29,159.7626495361328,160.86372535437394,156.8035410889223,158.51413057382698,101786900
2022-08-01,158.77955627441406,160.82439423501998,158.17004260375904,158.28800912044616,67829400
2022-08-02,157.30491638183594,159.66435174491758,156.931350741657,157.39340627106276,59907000
2022-08-03,163.3214569091797,163.77367187577843,158.0324049028353,158.12087978749662,82507500
2022-08-04,163.00685119628906,164.36352602829535,161.65017636428277,163.2034670413035,55474100
2022-08-05,162.7804718017578,163.27270181625158,160.4669847249699,160.6737279405912,56697000
2022-08-08,162.30789184570312,165.20220622926755,161.64830554399492,163.7845816314674,60276900
2022-08-09,162.3571014404297,163.24312423537512,160.71305544763848,161.47109366714804,63135500
2022-08-10,166.61000061035156,166.70843758837208,164.30635300401312,165.07423053223724,70170500
2022-08-11,165.87167358398438,168.3328236251765,165.57633257470778,167.4172679985858,57149200
2022-08-12,169.425537109375,169.49444148391456,166.76748363956287,167.18096997345785,68039400
2022-08-15,170.49859619140625,170.6954851482581,168.68719375370597,168.85455011811328,54091700
2022-08-16,170.34107971191406,171.01052019393777,168.99237457923107,170.09496475942944,56377100
2022-08-17,171.8374786376953,173.4126054655057,169.88825224075944,170.0851412165275,79542000
2022-08-18,171.4436798095703,172.18202470973497,170.42968734841074,171.049901871482,62290100
2022-08-19,168.85458374023438,171.04008614629294,168.64784053029155,170.34111293537597,70346300
2022-08-22,164.96591186523438,167.22031786929477,164.54258640163619,167.05296153027388,69026800
2022-08-23,164.63124084472656,166.08825245369655,164.06025224472492,164.48357785406554,54147100
2022-08-24,164.92657470703125,165.4975632823113,163.66646716905697,164.71984652905635,53841500
2022-08-25,167.38771057128906,167.49600175790545,165.73382519932846,166.15713573322356,51218200
2022-08-26,161.07733154296875,168.3918767523516,161.01826634968077,167.91934018438116,78961000
2022-08-29,158.87213134765625,160.36849946589015,157.33637642429446,158.64569477233294,73314000
2022-08-30,156.44053649902344,160.03380935929164,155.26902673828752,159.6104987851323,77906200
2022-08-31,154.7767791748047,158.084564879281,154.69802058402368,157.81875651310324,87991100
2022-09-01,155.50531005859375,155.95815325184458,152.26642820794754,154.20581563274152,74229900
2022-09-02,153.388671875,157.86796676025835,152.56172928679763,157.26744570942157,76957800
2022-09-06,152.1285858154297,154.64880073393257,151.30164311185825,154.03844040820118,73714800
2022-09-07,153.53634643554688,154.23530443324142,151.22286005633052,152.41406294176315,87449600
2022-09-08,152.05967712402344,153.93014485598613,150.30732474708108,152.23687268905203,84923800
2022-09-09,154.9244384765625,155.36745741692656,152.34515853161906,153.05397081020374,68028800
2022-09-12,160.89027404785156,161.7073775664421,156.82446488060694,157.10995164172124,104956000
2022-09-13,151.44932556152344,158.04520467768552,150.98662815133733,157.4151508670422,122656600
2022-09-14,152.89646911621094,154.65866080063967,151.22289024182777,152.38454574724284,87965400
2022-09-15,150.00210571289062,152.8275150035008,149.02750031451652,152.24667241812887,90481100
2022-09-16,148.35809326171875,148.99800116372188,146.06430005699622,148.86017738849526,162278800
2022-09-19,152.079345703125,152.15810428972742,146.78296219367604,146.989690339551,81474200
2022-09-20,154.4617462158203,155.6234166633189,150.7011173572486,151.0161367015711,107689800
2022-09-21,151.3311767578125,156.2731696529989,151.21304637695786,154.89491678247586,101696800
2022-09-22,150.36642456054688,152.06953614035308,148.56486097289033,150.0120183626199,86652500
2022-09-23,148.09228515625,149.11613179254852,146.25135007934554,148.84048424162157,96029900
2022-09-26,148.42701721191406,151.38039679019585,147.31457276382835,147.3342661670832,93339400
2022-09-27,149.40164184570312,152.31565000946952,147.6197716771559,150.3664234461509,84442700
2022-09-28,147.51150512695312,148.29907625051908,142.58920438175312,145.34569580339908,146691400
2022-09-29,140.26585388183594,144.439969608928,138.4938229117654,143.82960922766318,128138200
2022-09-30,136.05235290527344,140.8762153477741,135.85546393289223,139.0844911492741,124925300
2022-10-03,140.2362823486328,140.84665758209894,135.5502595480769,136.06218280211405,114311700
2022-10-04,143.82957458496094,143.94770494729045,142.01815723981503,142.77619544864433,87830100
2022-10-05,144.12490844726562,145.08968986509632,140.7875903322469,141.83113033653302,79471000
2022-10-06,143.1699981689453,145.24720918960443,142.9632699990137,143.54409774342406,68402200
2022-10-07,137.91297912597656,140.8762129387206,137.28292541213156,140.32490279514894,85925600
2022-10-10,138.2378387451172,139.6849958050268,136.41659718830158,138.2378387451172,74899000
2022-10-11,136.8202362060547,139.15341644364526,136.0720520706598,137.72593753469053,77033700
2022-10-12,136.190185546875,138.1787988471096,136.0129899667056,136.96791731761857,70433700
2022-10-13,140.76791381835938,141.35858069211028,132.2818600306571,132.8922353283637,113224000
2022-10-14,136.22955322265625,142.27413585110418,136.04250345541635,142.0673926816115,88598000
2022-10-17,140.19692993164062,140.67930564113678,138.09018646721276,138.87775734642221,85250900
2022-10-18,141.51612854003906,144.42028260835326,138.42492466357902,143.22909439068937,99136600
2022-10-19,141.62440490722656,142.69746261645687,139.30107889163025,139.488128680181,61758300
2022-10-20,141.16171264648438,143.62286253921314,140.4332068704366,140.7974672692939,64522000
2022-10-21,144.98141479492188,145.5524033439164,140.43319980718348,140.6497821885837,86548600
2022-10-24,147.1275177001953,147.89539516122247,143.73113431154985,144.90264390563777,75981900
2022-10-25,149.9726104736328,150.12028846465364,147.03892431633474,147.7575758033074,74732300
2022-10-26,147.02908325195312,149.62805663114864,145.73942824213276,148.61406419672124,88194300
2022-10-27,142.54978942871094,146.73374379544853,141.8902031311427,145.76897734753766,109180200
2022-10-28,153.31979370117188,155.05243775655637,145.52287291944214,145.89695747516933,164762400
2022-10-31,150.95706176757812,151.84308459846838,149.55913065750443,150.7798662143987,97943200
2022-11-01,148.3088836669922,153.03429437423398,146.8125153766711,152.6700490040681,80379300
2022-11-02,142.7761993408203,149.80524150264998,142.74666674943285,146.63527983930877,93604600
2022-11-03,136.72178649902344,140.58086724418428,136.59380191372105,139.8523615595117,97918500
2022-11-04,136.45555114746094,140.68588340372804,132.51117923439392,140.11394767074316,140814800
2022-11-07,136.988037109375,137.21483428526327,133.78323487446542,135.2032111952328,83374600
2022-11-08,137.55996704101562,139.46311921929427,135.57792562085092,138.457315240062,89908500
2022-11-09,132.9943389892578,136.623168532168,132.71823419264956,136.57386087993447,74917800
2022-11-10,144.8274688720703,144.8274688720703,137.5599685390709,139.27577571396307,118854000
2022-11-11,147.61810302734375,147.9237894166263,142.3622261036816,143.79207283535823,93979700
2022-11-14,146.21788024902344,148.19006640295856,145.3796951149665,146.89828687958484,73374100
2022-11-15,147.95339965820312,151.45403311466376,146.49398610736782,150.10309040489915,89868300
2022-11-16,146.7207489013672,147.78573098764542,145.24160962263343,147.05603190661645,64218300
2022-11-17,148.62393188476562,149.3733571163338,144.11747984279026,144.39358466739876,80389400
2022-11-18,149.1859893798828,150.57638399086812,147.88435456599078,150.1918083587428,74829600
2022-11-21,145.9515838623047,148.27876337571863,145.66562358265233,148.07169232238655,58724100
2022-11-22,148.0914306640625,148.32809838668408,144.8866286056601,146.06995217218372,51804100
2022-11-23,148.9690399169922,149.71846499501288,147.26308861505012,147.37155942010665,58301400
2022-11-25,146.05023193359375,146.80952774156987,145.0739944661959,146.24744752036312,35195900
2022-11-28,142.21434020996094,144.6006835742159,141.3860256630134,143.12154400613,69246000
2022-11-29,139.20672607421875,142.7961034526806,138.39813776001694,142.28333095673383,83763800
2022-11-30,145.97132873535156,146.6517352342591,138.595358159877,139.43352808516767,111380900
2022-12-01,146.24740600585938,147.05600924263993,144.57105142430075,146.14880576375623,71250400
2022-12-02,145.75437927246094,145.9417393182281,143.62441514150157,143.9301165589326,65447400
2022-12-05,144.59078979492188,148.82112121960265,143.7427493984544,145.7149349673014,68826400
2022-12-06,140.92254638671875,145.25149381357704,139.94630895435972,145.02469664926164,64727200
2022-12-07,138.97994995117188,141.37614872094412,138.05302012289312,140.21256620226913,69721100
2022-12-08,140.66615295410156,141.5240640501762,139.13772092261513,140.38019261979954,62128300
2022-12-09,140.18296813964844,143.54554848860332,138.94048147476286,140.36045763658447,76097000
2022-12-12,142.48057556152344,142.4904310742392,139.09826892356506,140.71546075742316,70462700
2022-12-13,143.4469451904297,147.8843635443182,142.23405505341051,147.420898645852,93886200
2022-12-14,141.21839904785156,144.6204172233284,139.1969051895986,143.3286376736575,82291200
2022-12-15,134.60169982910156,139.8279959453362,134.13823489702543,139.14758934094417,98931900
2022-12-16,132.6393585205078,135.7356898104224,131.8702072160859,134.78904899571134,160156900
2022-12-19,130.52908325195312,133.31972734226898,129.49369797509624,133.23098261223785,79592600
2022-12-20,130.46009826660156,131.39688354522443,128.0836106828586,129.56275008486864,77432800
2022-12-21,133.56626892089844,134.90735575255198,130.90382132695478,131.13061846159687,85928000
2022-12-22,130.39108276367188,132.68868142818795,128.48793035610765,132.48161030905115,77852100
2022-12-23,130.02621459960938,130.57842423400893,127.83708708710822,129.09928483618836,63814900
2022-12-27,128.22166442871094,129.58247750765514,126.92988507827397,129.55289592303325,69007800
2022-12-28,124.28714752197266,129.2077488876003,124.11951353793032,127.86666196867824,85438400
2022-12-29,127.80747985839844,128.66537572209126,125.95362822682247,126.2100069208989,75703700
2022-12-30,128.123046875,128.14277294659772,125.657822079017,126.62419645842127,77034200
2023-01-03,123.33064270019531,129.07955877586164,122.44315755676651,128.46818597294893,112117500
2023-01-04,124.60271453857422,126.87073149260826,123.3405166774151,125.12534263515172,89113600
2023-01-05,123.28134155273438,125.99309725880703,123.02496279365805,125.36199835089351,80962700
2023-01-06,127.8173828125,128.47806338393755,123.15316666234692,124.25759364277924,87754700
2023-01-09,128.33998107910156,131.55465346679887,128.08360234953716,128.65553802002677,70790800
2023-01-10,128.91192626953125,129.43455432577363,126.33822308555574,128.44846138243565,63896200
2023-01-11,131.63356018066406,131.65327120715185,128.64569958998982,129.42470644063985,69458900
2023-01-12,131.55467224121094,132.39284227281698,129.6120678053339,132.01813716022232,71379600
2023-01-13,132.88587951660156,133.04365799858422,129.82900042275443,130.19384999657817,57809700
2023-01-17,134.04946899414062,135.38068535895238,132.26464328240974,132.9549052915621,63646600
2023-01-18,133.32965087890625,136.682361304903,133.15214630173037,134.91726132660978,69672800
2023-01-19,133.38877868652344,134.35514542774973,131.9096394708051,132.2153258346004,58280400
2023-01-20,135.95260620117188,136.10052914550886,132.35337358769686,133.3986295227189,80223600
2023-01-23,139.14759826660156,141.32687064316994,135.98223278773898,136.19917447397063,81760300
2023-01-24,140.54782104492188,141.16906439218428,138.34883807200805,138.35869358432294,66435100
2023-01-25,139.88719177246094,140.44925711168614,136.87960429204256,138.9306800975969,65799300
2023-01-26,141.9579620361328,142.2439224000094,139.92659771489312,141.178940100887,54105100
2023-01-27,143.90054321289062,145.18246711281154,141.09018721144076,141.16907645645273,70555800
2023-01-30,141.0113067626953,143.52584706043817,140.863398823187,142.9440557695909,64015300
2023-01-31,142.28335571289062,142.3326633733732,140.30131415280843,140.71547141700836,65874500
2023-02-01,143.4075164794922,144.571114195543,139.3546881653997,141.967828937729,77663600
2023-02-02,148.7225341796875,149.07751316889315,146.10937904089744,146.82922262442523,118339000
2023-02-03,152.35133361816406,155.19128562284567,145.77409661965578,145.97131216518497,154357300
2023-02-06,149.61988830566406,150.97084596204795,148.68310295478358,150.4482178700856,69858300
2023-02-07,152.499267578125,153.07120329051187,148.54504029445562,148.54504029445562,83322600
2023-02-08,149.80722045898438,152.4302309897519,149.06765083879986,151.7399690202295,64120100
2023-02-09,148.7718505859375,152.1837390894266,148.32811173185976,151.64138491373802,56007100
2023-02-10,149.13726806640625,149.46317743221437,147.3694730974516,147.60650220064647,57450700
2023-02-13,151.94203186035156,152.34693578344766,149.04836048379,149.07798723256394,62199000
2023-02-14,151.30010986328125,151.86304832604316,148.98913264360064,150.23350151506878,61707600
2023-02-15,153.40370178222656,153.57159174620645,150.9840880773076,151.21123154980276,65573800
2023-02-16,151.80377197265625,154.39127521881363,151.44823591009165,151.60624021713144,68167900
2023-02-17,150.65817260742188,151.10258897284194,148.97925796607987,150.46065589718617,59144100
2023-02-21,146.6386260986328,149.4236611977066,146.56950203742764,148.33729678255915,58867200
2023-02-22,147.0633087158203,148.0904046122651,145.3350111943411,147.02379633351947,51011300
2023-02-23,147.54722595214844,148.47557105445037,145.41402441253163,148.22867140254277,48394200
2023-02-24,144.89056396484375,145.36460696451104,143.9128361503219,145.28559728630728,55469600
2023-02-27,146.0855712890625,147.32006943922315,145.6213987790375,145.8781840387877,44998500
2023-02-28,145.5819091796875,147.2311969873109,145.0091001993268,145.2263730908277,50547000
2023-03-01,143.50794982910156,145.40413732845008,143.2116672358624,145.0091039171703,55479000
2023-03-02,144.10052490234375,144.89060684866965,142.11544194013547,142.58950014966683,52238100
2023-03-03,149.15699768066406,149.23600736765022,145.50288630750634,146.20407279147852,70732300
2023-03-06,151.92230224609375,154.3616721188966,151.55689556759242,151.8827898611123,87558000
2023-03-07,149.71995544433594,152.11981283549997,149.25578289163562,151.79390348554702,56182000
2023-03-08,150.97421264648438,151.5667779107922,149.9471166005195,150.9149591339657,47204800
2023-03-09,148.72247314453125,152.62348469471294,148.36693703717327,151.65564226284476,53833600
2023-03-10,146.6584014892578,149.06814463866203,145.77943928176788,148.3472018339828,68572400
2023-03-13,148.60397338867188,151.24086003469367,145.86832084762136,145.97695730432906,84457100
2023-03-14,150.69764709472656,151.49759944522177,148.23853654610156,149.4038955086608,73695900
2023-03-15,151.09268188476562,151.34945203904152,148.06074761868828,149.31500178328344,77167900
2023-03-16,153.91722106933594,154.5196567133458,149.75942505583248,150.27298045799404,76161100
2023-03-17,153.07778930664062,154.79621636647911,152.36671707978053,154.1443976469308,98944600
2023-03-20,155.44801330566406,155.86281797805782,152.23831786199295,153.14692183341302,73641400
2023-03-21,157.30467224121094,157.4231792271752,154.59864719510006,155.3689878125348,73938300
2023-03-22,155.8726806640625,160.12922799549253,155.85292447362312,157.32445173541882,75701800
2023-03-23,156.9590301513672,159.54654859691777,155.72453196517867,156.86027933820688,67622100
2023-03-24,158.26266479492188,158.35154504613158,155.8924343453171,156.88990343786057,59196500
2023-03-27,156.31710815429688,158.77623413977568,155.91218910395636,157.9565254779494,52390300
2023-03-28,155.69491577148438,156.5245100617194,154.04562789125012,156.0109545619661,45992200
2023-03-29,158.77622985839844,159.05275625859912,157.37384166607825,157.39358278783644,51305700
2023-03-30,160.34649658203125,160.45513302219786,159.27001781009866,159.5267880006936,49501700
2023-03-31,162.85498046875,162.95374634284104,159.9020707098414,160.42549668949934,68749800
2023-04-03,164.10923767089844,164.22774466628186,162.18342364813336,162.23280658606208,56976200
2023-04-04,163.5759735107422,164.77095946962157,163.06241797980005,164.5339454319251,46278300
2023-04-05,161.7291259765625,163.0031364887197,159.7934413430479,162.6969833628771,51511700
2023-04-06,162.6179962158203,162.91427882271006,159.99098020805553,160.41564039126865,45390100
2023-04-10,160.02059936523438,160.02059936523438,158.09478511621296,159.41816361866267,47716900
2023-04-11,158.8058624267578,160.34651387560373,158.5194503856298,160.33664331436313,47644200
2023-04-12,158.11453247070312,160.05021717246308,157.79849370413785,159.22063801456596,50133100
2023-04-13,163.50682067871094,163.74384976611952,159.4181631056541,159.62556544083142,68445600
2023-04-14,163.1611785888672,164.2574136863755,161.7884170766324,162.5488571823505,49386500
2023-04-17,163.180908203125,163.33892759169828,161.99579292794192,163.04264500551295,41516200
2023-04-18,164.40553283691406,165.33387789076258,163.5956947875371,164.04012619342146,49923000
2023-04-19,165.55116271972656,166.07458878664085,163.48707013576512,163.74385542338587,47720200
2023-04-20,164.58328247070312,165.78815383509277,163.50680373238094,164.03022972696172,52456400
2023-04-21,162.9735107421875,164.38576938158798,162.45008473615934,163.00313749199609,58337300
2023-04-24,163.2796630859375,163.5463189024918,161.85751882372426,162.95375377005053,41949600
2023-04-25,161.739013671875,164.2475072794641,161.69950129216383,163.1414017604714,48714100
2023-04-26,161.7291259765625,163.23027992570658,160.78103984940847,161.03781003602157,45498800
2023-04-27,166.32150268554688,166.46963646450573,163.14143362770662,163.14143362770662,64902300
2023-04-28,167.57571411132812,167.74361912541863,165.79804878354395,166.40048449959994,55275900
2023-05-01,167.48684692382812,168.33618234272492,166.54863124552048,167.180693761707,52472900
2023-05-02,166.44984436035156,168.237410301642,165.46224586153255,167.98062504743248,48425700
2023-05-03,165.37338256835938,168.80035091617836,165.08698560494395,167.39796271242133,65136000
2023-05-04,163.7339630126953,164.96846124572582,162.27232132426357,162.84513031273676,81235400
2023-05-05,171.41751098632812,172.13845380689077,168.64234602308835,168.85961893934999,113453200
2023-05-08,171.34835815429688,171.69402369424722,169.9755966946327,170.34100335662225,55962800
2023-05-09,169.6398162841797,171.38785496168964,169.47192632998963,170.9039412906591,45326900
2023-05-10,171.40760803222656,171.87178057282452,169.76819076413835,170.87431142683658,53724500
2023-05-11,171.59527587890625,172.42485517869108,170.0348681086098,171.69404177773984,49514700
2023-05-12,170.6656494140625,172.13919719280526,169.1129675562631,171.70405030041803,45533100
2023-05-15,170.17115783691406,171.29857695594924,169.5777729993573,171.249125704419,37266700
2023-05-16,170.17115783691406,171.2293421857262,169.9041331509732,170.09203885254627,42110300
2023-05-17,170.7843017578125,171.02164360752573,168.53934785672587,169.81512066054435,57951600
2023-05-18,173.11827087402344,173.30617657836305,170.6755268984154,171.0908902546592,65496700
2023-05-19,173.22702026367188,174.44344233699894,173.00944687294344,174.44344233699894,55809500
2023-05-22,172.27761840820312,172.781999977239,171.5358950094103,172.0600450039918,43570900
2023-05-23,169.66677856445312,171.46670153051892,169.38986966050507,171.2194603598222,50747300
2023-05-24,169.94366455078125,170.51726580029353,168.6382391925545,169.20194113871563,45143500
2023-05-25,171.08099365234375,171.98093998050487,169.79533663873903,170.50739236656926,56058300
2023-05-26,173.4940643310547,173.83032378662378,171.1996741500605,171.40736336995897,54835000
2023-05-30,175.34341430664062,177.01476677794446,174.6214744245607,175.00716998790764,55964400
2023-05-31,175.29397583007812,177.37080753192686,174.80937774220615,175.37309480914308,99625300
2023-06-01,178.10263061523438,178.13229834590607,174.97749886766357,175.73900583250884,68901800
2023-06-02,178.95314025878906,179.77398268262323,177.2817876805341,179.03225923715402,61996900
2023-06-05,177.59825134277344,182.908986017055,176.0752375225132,180.61459616435278,121946500
2023-06-06,177.23236083984375,178.1323071989488,175.47198988688834,177.98396853821802,64848400
2023-06-07,175.85768127441406,179.21027045240393,175.36319900574063,176.47083445864072,61944600
2023-06-08,178.57733154296875,178.84434109966037,175.50165126625262,175.93678298136524,50214900
2023-06-09,178.96304321289062,180.21901740774703,178.63668307937917,179.4970774647442,48900000
2023-06-12,181.7617950439453,181.86069753893617,178.97292275194738,179.26961514651788,54274900
2023-06-13,181.28709411621094,182.11782073883157,180.4266997635254,180.78272761470595,54929100
2023-06-14,181.92001342773438,182.35516021423518,180.01131922105634,181.34641221738335,57462900
2023-06-15,183.95729064941406,184.46167222814515,181.75190392659053,181.92992539273135,65433200
2023-06-16,182.87933349609375,184.92649747799743,182.2365125370702,184.66935702206612,101256200
2023-06-20,182.9683380126953,184.0463209118931,182.37496829785866,182.37496829785866,49799100
2023-06-21,181.92994689941406,183.363942649416,180.57505504326872,182.85956101105992,49515700
2023-06-22,184.93638610839844,184.98583735805877,181.6431320743364,181.7123668419414,51245300
2023-06-23,184.61990356445312,185.49019723798705,182.96833449974372,183.5023838322858,53117000
2023-06-26,183.22547912597656,185.97479955864205,183.18591209060443,184.76826151663462,48088700
2023-06-27,185.98468017578125,186.31104030447904,183.62105538648717,183.83862880561904,50730800
2023-06-28,187.16152954101562,187.80435042269775,185.5297441703453,185.85608917215896,51216800
2023-06-29,187.49777221679688,187.97248603247579,186.8549513406989,186.9934057643385,46347300
2023-06-30,191.8294677734375,192.3338342950544,189.14936702429083,189.51529419368583,85213200
2023-07-03,190.33612060546875,191.7404484310712,189.6438333602496,191.64154594163958,31458200
2023-07-05,189.2185821533203,190.8503675642152,188.51641070905347,189.45593906907268,46920300
2023-07-06,189.69329833984375,189.90098754652763,187.1121001189567,187.74503686210437,45094300
2023-07-07,188.57577514648438,190.54382026308585,188.14064336966692,189.2977302172838,46815000
2023-07-10,186.52859497070312,187.89337080979294,184.97591346212693,187.17141585961895,59922200
2023-07-11,186.00445556640625,187.21099353236755,184.54079224834234,187.07253909809666,46638100
2023-07-12,187.6758270263672,189.5845215693785,186.39016995526782,187.5868087386057,60750200
2023-07-13,188.43734741210938,189.08018358996824,187.68573959242778,188.39779545966525,41342300
2023-07-14,188.58566284179688,189.07024584013215,187.53736277551775,188.13073248396137,41616200
2023-07-17,191.84925842285156,192.17561856911308,189.6933076328095,189.78231082986184,50520200
2023-07-18,191.59210205078125,192.18548682934457,190.2965608776665,191.21630577539946,48288200
2023-07-19,192.94700622558594,196.0424552700726,190.52403079875788,190.96907695660155,80507300
2023-07-20,190.9987335205078,194.3018715848771,190.3756810082794,192.9370956401489,59581200
2023-07-21,189.82186889648438,192.8184304455329,189.11969738642375,191.95803606721273,71951700
2023-07-24,190.6229248046875,192.759091941705,190.1284425094743,191.27564505606543,45377800
2023-07-25,191.48330688476562,192.29426504028103,190.7910347339605,191.19651381171818,37283200
2023-07-26,192.35362243652344,193.4810415222525,191.18665140498055,191.53277997466063,47471900
2023-07-27,191.08775329589844,195.02382842734414,190.4251487828704,193.85685736898512,47460200
2023-07-28,193.6689453125,194.4601200346163,191.99759267326004,192.5217427199515,48291400
2023-07-31,194.2821044921875,194.3216715292241,193.10523413200033,193.89640887829788,38824100
2023-08-01,193.4513397216797,194.55897509423534,193.12497963718022,194.07439216394232,35175100
2023-08-02,190.4547882080078,193.02608689409655,189.73284833699685,192.887632465541,50389300
2023-08-03,189.0603485107422,190.2471029357017,188.58564975883863,189.4559433793295,61235200
2023-08-04,179.98165893554688,185.31217710978225,179.9124241755589,183.47270249377223,115956800
2023-08-07,176.87632751464844,181.10909486166798,175.39288059142936,180.1201302461886,97576100
2023-08-08,177.81585693359375,178.28067155206236,175.62035408179838,177.7070702124542,67823000
2023-08-09,176.22361755371094,178.93337110075507,175.05663139218126,178.87403563482027,60378500
2023-08-10,176.0060272216797,178.7553475423464,175.64011515660735,177.49935830249015,54686900
2023-08-11,176.06544494628906,176.88739582771854,174.83748251539495,175.60001780962375,52036700
2023-08-14,177.71926879882812,177.94703359876078,175.59011444303226,176.24371615843643,43675600
2023-08-15,175.72872924804688,177.73903700795614,175.33261529851168,177.14486608365337,43622600
2023-08-16,174.85728454589844,176.80816171418965,174.78795629022963,175.4118501481314,46964900
2023-08-17,172.3122100830078,175.78815784652573,171.79724982185638,175.42175166053434,66062900
2023-08-18,172.7974853515625,173.4015690710498,170.29202708322546,170.62872552076746,61172200
2023-08-21,174.1343536376953,174.4215491084137,172.05473264129324,173.37183349440417,46311900
2023-08-22,175.51087951660156,175.95651153189084,174.54038966607246,175.34253031574917,42038900
2023-08-23,179.36314392089844,179.78898080878903,176.60021337314086,176.78837280424742,52722800
2023-08-24,174.6691436767578,179.34336155038372,174.30272234931607,178.91752463221655,54945800
2023-08-25,176.87750244140625,177.41225784961358,174.1145717959043,175.6594375427037,51449600
2023-08-28,178.44216918945312,178.83828316683332,176.8180777049469,178.34313313971825,43820700
2023-08-29,182.3340301513672,183.10646293821267,177.75884901223952,177.9569059889832,53003900
2023-08-30,185.82980346679688,186.027875570887,182.9480417259573,183.14609871926743,60813900
2023-08-31,186.04766845703125,187.28554353881972,185.66145203594442,186.0179606639307,60794500
2023-09-01,187.62222290039062,188.0777523855515,186.45366117824025,187.65193068808472,45766500
2023-09-05,187.8599090576172,188.13719185182467,185.79018566129048,186.45368485534252,45280000
2023-09-06,181.1357879638672,187.01817274976997,179.70975345688714,186.57252563325392,81755800
2023-09-07,175.8376922607422,176.48139642487362,171.85668142571674,173.48077306769622,112488800
2023-09-08,176.45164489746094,178.49167556913386,176.06542850593996,176.6200091931817,65551300
2023-09-11,177.6201934814453,178.55107781991234,175.6197834207467,178.3233130703228,58953100
2023-09-12,174.58990478515625,178.38275585399316,173.12426491742679,177.7489644157226,90370200
2023-09-13,172.5201873779297,175.58021106580875,172.29240747476095,174.7978655233742,84267900
2023-09-14,174.0353546142578,174.39186327435525,171.89630265367322,172.31222690532334,60895800
2023-09-15,173.31239318847656,174.78794559113751,172.1339489112559,174.76813536061914,109259500
2023-09-18,176.2436981201172,177.64002479353724,174.46115503817452,174.76814563074643,67257600
2023-09-19,177.33303833007812,177.88760394386657,175.4118538031827,175.7980702206982,51826900
2023-09-20,173.7877655029297,177.95692035427507,173.69862701203755,177.52118590379774,58436200
2023-09-21,172.2428741455078,174.5898954535224,172.17356100214752,172.856870429388,63149100
2023-09-22,173.09454345703125,175.36233909077248,172.36173107244514,172.97571228348323,56725400
2023-09-25,174.37203979492188,175.2534062611611,172.46075278406465,172.51027081019092,46172700
2023-09-26,170.29202270507812,173.50058556280408,169.99492963397503,173.12428177613603,64588900
2023-09-27,168.77684020996094,171.3615240971404,167.41023633579258,170.94559986493434,66921800
2023-09-28,169.03433227539062,170.36133082824708,165.9941036111019,167.69742105029528,56294400
2023-09-29,169.54928588867188,171.39124466953126,168.68771453081845,170.35142654777866,51861100
2023-10-02,172.06463623046875,172.6093042881744,169.2719827950215,169.55917827580257,52164500
2023-10-03,170.72772216796875,171.9458021063211,169.1630613901914,170.58908076573104,49594600
2023-10-04,171.9755096435547,172.5201776911012,169.31160010164683,169.43043127173715,53020300
2023-10-05,173.21337890625,173.74813426454526,171.00499899742474,172.10423261632292,48527900
2023-10-06,175.7683868408203,176.2635369377298,171.50018031240361,172.11417670790303,57266700
2023-10-09,177.2538299560547,177.31324554755352,174.0947700479303,175.0949677633166,42390800
2023-10-10,176.6596221923828,177.9767230488949,176.22388776036024,176.3724418317021,43698000
2023-10-11,178.05596923828125,178.10548726772782,175.87731193966172,176.4714829606774,47551100
2023-10-12,178.9571533203125,180.57133234869775,177.3033387116547,178.32336180549302,56743100
2023-10-13,177.11517333984375,180.1652842541005,176.41205364228972,179.6602366589199,51427100
2023-10-16,176.98641967773438,177.34292828713865,174.79784999846225,175.0355274416581,52517000
2023-10-17,175.43165588378906,176.6893412361662,173.1044597256959,174.93650583601004,57549400
2023-10-18,174.1343536376953,175.8574811296678,173.41143884685883,173.87688106979198,54764400
2023-10-19,173.75808715820312,176.114991459484,173.49070186176996,174.33244800123364,59302900
2023-10-20,171.20310974121094,173.71846569346525,170.965432244542,173.60953206300644,64244000
2023-10-23,171.3219451904297,172.32214301437642,168.28171613531973,169.25222127107537,55980100
2023-10-24,171.75762939453125,171.985394156852,169.7869270122857,171.3714130102576,43816600
2023-10-25,169.44032287597656,171.38130226309403,168.99467582198773,170.21275560708338,57157000
2023-10-26,165.27117919921875,169.71763198356828,164.06301189675906,168.71741923518283,70625300
2023-10-27,166.5882568359375,167.321084230187,165.21174052607998,165.2909663344403,58499100
2023-10-30,168.63819885253906,169.50966778359705,167.23197451155576,167.3805285943209,51131000
2023-10-31,169.1135711669922,169.24229991901694,166.27139928771217,167.70734668146844,44846000
2023-11-01,172.28250122070312,172.53997379429074,168.46983997695696,169.34130885799144,56934900
2023-11-02,175.84759521484375,176.05554977286621,173.75806140886317,173.8174769968696,77334800
2023-11-03,174.93650817871094,175.10487249469713,171.66852990822986,172.5498964006483,79829200
2023-11-06,177.49148559570312,177.68954259678722,174.50079012453784,174.66913933099835,63841300
2023-11-07,180.05636596679688,180.67034717470034,177.23400472320088,177.44195927584823,70530000
2023-11-08,181.11599731445312,181.67056299140017,179.82860407252238,180.581241871906,49340300
2023-11-09,180.64064025878906,182.3340449245472,180.04645416963677,181.18530832204868,53763500
2023-11-10,184.8351287841797,185.00371491529177,181.98922784820692,182.425536381392,66133400
2023-11-13,183.24855041503906,184.4682199516521,182.6635072771428,184.25999143916752,43627500
2023-11-14,185.8664093017578,186.53078271340215,184.7359804157126,186.1242211071054,60108400
2023-11-15,186.43161010742188,187.90910668353808,186.20354524355434,186.2729648412074,53790500
2023-11-16,188.11732482910156,189.356830641734,187.06621119021287,187.9785007833142,54412900
2023-11-17,188.09750366210938,188.78171334674664,186.98691120628507,188.65279989002153,50922700
2023-11-20,189.8427276611328,190.29887250675844,188.2859160609316,188.2958266614519,46505100
2023-11-21,189.0395050048828,189.91212191624118,188.1470668951287,189.80304480232138,38134500
2023-11-22,189.70388793945312,191.31028267101584,189.22792193208022,189.88238464889707,39617700
2023-11-24,188.3751678466797,189.29735306155973,187.66121116968733,189.26760612757576,24048300
2023-11-27,188.1966552734375,189.0692722786972,187.31412766791345,188.3255687303111,40552600
2023-11-28,188.80152893066406,189.47582799498892,187.8099242301234,188.1867388581487,38415400
2023-11-29,187.78018188476562,190.47734794655034,187.3835460471391,189.2973359031836,43014200
2023-11-30,188.35531616210938,188.7222202024886,186.61009727764167,188.2462390361622,48794400
2023-12-01,189.63449096679688,189.95179660734362,187.64135580786584,188.73212704562349,45704800
2023-12-04,187.8396759033203,188.45448112204545,185.87630278327032,188.38506152852514,43389500
2023-12-05,191.79620361328125,192.76797210608754,188.58339853026055,188.61316059527184,66628400
2023-12-06,190.70541381835938,193.12491645797843,190.49717018406523,192.81752143695684,41089700
2023-12-07,192.63905334472656,193.3629205543118,191.96475426663108,192.0044269286476,47477700
2023-12-08,194.06695556640625,194.3446036620394,192.04407357743747,192.56962283922067,53406400
2023-12-11,191.55819702148438,191.8656072016425,189.81297812056516,191.48879255742054,60943700
2023-12-12,193.07534790039062,193.08525849983545,190.11044455227926,191.45902748039885,52696900
2023-12-13,196.29808044433594,196.33773797632358,193.214189106248,193.45216455954898,70404200
2023-12-14,196.44679260253906,197.94411013724948,194.51316661249956,196.35755181777242,66831600
2023-12-15,195.9113311767578,196.7343496927442,195.34610928310804,195.87165851894784,128538400
2023-12-18,194.24545288085938,194.97924583916173,192.75804576345098,194.4437708037096,55751900
2023-12-19,195.28665161132812,195.2965622122741,194.24546354583867,194.51320107826476,40714100
2023-12-20,193.1943359375,196.0204001139627,193.1943359375,195.24694969676773,52242800
2023-12-21,193.04559326171875,195.42545358966169,191.875506993429,194.45368523269553,46482500
2023-12-22,191.97467041015625,193.7694724442452,191.34995462543642,193.54139247575878,37149600
2023-12-26,191.42930603027344,192.2622504150879,191.21115176796184,191.9846022868164,28919300
2023-12-27,191.52845764160156,191.8755253676685,189.48575421105227,190.87400998463178,48087700
2023-12-28,191.95484924316406,193.0257841884141,191.5482876644632,192.51014548202977,34049900
2023-12-29,190.9136505126953,192.76794644853246,190.1203637314106,192.27214410156537,42672100
2024-01-02,184.0814971923828,186.85799339797134,182.34618895522584,185.5788148528252,82488700
2024-01-03,182.70318603515625,184.3195067154423,181.8900628291485,182.67343910134508,58414500
2024-01-04,180.38282775878906,181.552914127362,179.36147605378457,180.62080322049852,71983600
2024-01-05,179.65895080566406,181.22568820887324,178.6574354024576,180.46216340525032,62379700
2024-01-08,184.00216674804688,184.04183940945515,179.9762540642685,180.56129720920066,59144500
2024-01-09,183.58570861816406,183.59561921893004,181.19593746369003,182.37594957443397,42841800
2024-01-10,184.62689208984375,184.83512061558696,182.375945055311,182.80234296869347,46792900
2024-01-11,184.0319366455078,185.47968635384467,182.07847392125646,184.97395820724128,49128400
2024-01-12,184.35914611816406,185.17226924419936,183.63527891547233,184.49797017252533,40477800
2024-01-16,182.08837890625,182.71307958868692,179.41103406753936,180.63071876275188,65603000
2024-01-17,181.1463623046875,181.3942635111242,178.78635310827863,179.7482109997081,47317400
2024-01-18,187.04638671875,187.55209963440907,184.26989072089356,184.5277024783634,78005800
2024-01-19,189.9517822265625,190.33850743054634,187.23479519933252,187.74050811817725,68903000
2024-01-22,192.26223754882812,193.69015075906108,190.64591702187175,190.68558968364889,60133900
2024-01-23,193.5413818359375,194.1066037302182,192.2027246817267,193.38273659657744,42355600
2024-01-24,192.8671112060547,194.73133285541883,192.70845082511164,193.7793857004472,53631300
2024-01-25,192.53988647460938,194.62226243680658,191.48878789336808,193.58107445570798,54822100
2024-01-26,190.8045654296875,193.12491668531047,190.3285994330514,192.63904008919584,44594000
2024-01-29,190.12037658691406,190.5864320350317,187.98843240307312,190.3980247095346,47145600
2024-01-30,186.4613494873047,190.18979301004535,185.89614265093053,189.33701232459805,55859400
2024-01-31,182.85191345214844,185.5292584344751,182.8023453182215,185.46974943852436,55467800
2024-02-01,185.291259765625,185.38050055962896,182.2767880551107,182.44535904290282,64885400
2024-02-02,184.28973388671875,185.75730456104918,177.7451370154647,178.35001646911297,102551700
2024-02-05,186.1043701171875,187.6611968198497,184.27982102914154,186.57042555488334,69668800
2024-02-06,187.7107696533203,187.72068025311026,185.2020110139772,185.2912518041467,43490800
2024-02-07,187.8198699951172,189.44610127224303,187.02658312392904,189.03953967028943,53439000
2024-02-08,186.739013671875,187.94875754592414,185.77715585449096,187.8000228857875,40962000
2024-02-09,187.50350952148438,188.63538073939827,186.65956394365634,187.30492339729363,45155200
2024-02-12,185.8156280517578,187.32479480430874,185.45819421957458,187.0765772861258,41781900
2024-02-13,183.72067260742188,184.88234393093236,182.20158259974826,184.4454786725173,56529500
2024-02-14,182.8370361328125,184.20720181831388,181.13923662251403,183.99870756617022,54630500
2024-02-15,182.54908752441406,183.17460050228618,180.05698915939104,182.2413002337134,65434500
2024-02-16,181.0101318359375,183.53203018346474,180.37469562592958,182.11221816970058,49752500
2024-02-20,180.26547241210938,181.12926445278407,178.7165976564194,180.49382826711656,53665600
2024-02-21,181.02008056640625,181.5860086349742,179.37191259479573,180.64278508736416,41371400
2024-02-22,183.05543518066406,183.64123998867086,181.1590650140456,182.17178149569722,52292200
2024-02-23,181.2186279296875,183.7206493014041,180.93068715953405,183.69086441483557,45119700
2024-02-26,179.86834716796875,181.45693020455124,179.36197373162466,180.94064867140935,40867400
2024-02-27,181.32785034179688,182.60864595739088,178.27973221361,179.80876047563007,54318900
2024-02-28,180.12649536132812,181.81437153541262,178.84569957246276,181.20872015618278,48953900
2024-02-29,179.46128845214844,181.26831948615475,178.2499855974841,179.97758519757838,136682600
2024-03-01,178.3790283203125,179.24282037465971,176.11528592616577,178.26981201401622,73563100
2024-03-04,173.8515625,175.63871657984365,172.55088992856452,174.89406399657693,81510100
2024-03-05,168.90704345703125,170.8133520831047,168.41060844555398,169.5424796657224,95132400
2024-03-06,167.9141845703125,170.01907946057096,167.47731930724007,169.84035496658896,68587700
2024-03-07,167.7950439453125,169.51270494606766,167.28868565722726,167.94396839769192,71765100
2024-03-08,169.51268005371094,172.46150497776014,167.73544953298423,167.7950193051884,76267000
2024-03-11,171.51832580566406,173.136709067922,170.8233197007056,171.70697356629498,60139500
2024-03-12,171.99485778808594,172.7891567808166,169.79068527950514,171.91542637381357,59825400
2024-03-13,169.9098663330078,171.9551763303205,169.54249409126064,171.53817270319811,52488700
2024-03-14,171.7665252685547,173.06718266017282,170.82330171470906,171.67717059661035,72913500
2024-03-15,171.38922119140625,171.38922119140625,169.0758321837892,169.94956266563446,121752700
2024-03-18,172.48138427734375,176.44294118443133,172.282813299669,174.31819990832292,75604200
2024-03-19,174.82455444335938,175.35077434046616,171.79629786095623,173.09695515946524,55215200
2024-03-20,177.39610290527344,177.39610290527344,173.84162605000233,174.467139074951,53423100
2024-03-21,170.1481475830078,176.22452301821235,169.62192763151074,175.78765774149878,106181300
2024-03-22,171.05166625976562,171.81618050845861,168.8474933401544,170.5353695457136,71160100
2024-03-25,169.63185119628906,170.7140758962492,168.24182406010684,169.3538487990515,54288300
2024-03-26,168.49996948242188,170.19776864921857,168.37089153816484,168.7878951080797,57388400
2024-03-27,172.0742950439453,172.3622358242069,168.8971141151568,169.19497814129184,60273300
2024-03-28,170.25735473632812,171.00200728609337,169.29426955996547,170.5254338962422,65672700
2024-04-01,168.81768798828125,170.02899062252595,168.27160644825386,169.969420845431,46240500
2024-04-02,167.6361846923828,168.13261974429108,167.0305333230549,167.87447897129715,49329500
2024-04-03,168.4403839111328,169.46303876556578,167.37802092400054,167.58651513316036,47691700
2024-04-04,167.6163330078125,170.69422114433502,167.6163330078125,169.0758380772312,53704400
2024-04-05,168.37091064453125,169.17513298848516,167.74539764368038,168.3808338913719,42104800
2024-04-08,167.24896240234375,167.99361496437555,167.04046816897213,167.82482886831443,37425500
2024-04-09,168.46026611328125,168.86734648560252,167.1496854743383,167.49718091534808,42373800
2024-04-10,166.58372497558594,167.8843822327512,165.91850390321875,167.59645660291815,49709300
2024-04-11,173.79196166992188,174.20898041040104,166.96102623293754,167.13973556457645,91070300
2024-04-12,175.2912139892578,177.0883063929916,172.96790166012116,173.0175330436537,101670900
2024-04-15,171.45872497558594,175.37063525095596,171.27007724910962,174.10968609239896,73531800
2024-04-16,168.17233276367188,172.5210932508517,167.0702464097302,170.52542991803605,73711200
2024-04-17,166.8021697998047,169.43326939438703,166.8021697998047,168.4006911997193,50901200
2024-04-18,165.8489990234375,167.4375970919546,165.36250241682455,166.83194578270678,43122900
2024-04-19,163.8235626220703,165.21357466916862,162.9101239696921,165.02494208062998,68149400
2024-04-22,164.6575927734375,166.06746666034257,163.59522952168388,164.33988218272512,48116400
2024-04-23,165.70999145507812,165.85893104014463,163.74411316214608,164.1710551260113,49537800
2024-04-24,167.81491088867188,168.09291330855643,165.0249482926904,165.35258209827205,48251800
2024-04-25,168.67869567871094,169.39356334150216,166.9510963019663,168.3212618473153,50558300
2024-04-26,168.09288024902344,170.1183282169712,167.9737255567964,168.66874661981072,44838400
2024-04-29,172.26296997070312,174.77493022282954,171.8658279731322,172.13389200399433,68169400
2024-04-30,169.1155548095703,173.74233280675443,168.78790588015656,172.09416491333778,65934800
2024-05-01,168.09288024902344,171.4785703074486,167.90423254049057,168.3708826142321,50383100
2024-05-02,171.7963104248047,172.18352915382397,169.67156903864844,171.2800137361139,94214900
2024-05-03,182.072509765625,185.66669440285864,181.3576421366733,185.3191838346203,163224100
2024-05-06,180.4144287109375,182.88666551151155,179.1336178251023,181.04986495546194,78569700
2024-05-07,181.0994873046875,183.5816623782166,180.02720100491794,182.1420038655686,77305800
2024-05-08,181.4370574951172,181.76470639188162,180.15624679412957,181.54627379403868,45057100
2024-05-09,183.25405883789062,183.3434135192828,180.81159149652714,181.25838005348476,48983000
2024-05-10,181.9913787841797,184.01957427538,181.07670119634082,183.83067066594327,50759500
2024-05-13,185.20269775390625,186.01796278299403,183.5522942832241,184.36755931231187,72044800
2024-05-14,186.34603881835938,187.21101770983566,185.2126323262415,186.4255779791011,52393600
2024-05-15,188.62281799316406,189.54743236218252,186.2864023770235,186.82328796013638,70400000
2024-05-16,188.74209594726562,189.99481870677727,188.5631442219314,189.36845732702145,52845200
2024-05-17,188.7719268798828,189.70649303935699,188.08591490450098,188.4140082479681,41282900
2024-05-20,189.9351806640625,190.81009634808845,187.9169216688578,188.23507834324732,44361300
2024-05-21,191.23760986328125,191.61540193588445,189.815871933387,189.98488697096772,42309400
2024-05-22,189.7959747314453,191.7048842739564,189.1696284842733,191.15806201805708,34648500
2024-05-23,185.79922485351562,189.89539287135,185.55067067436462,189.87550428926582,51005900
2024-05-24,188.88128662109375,189.47782271626807,186.9525037733123,187.72800676525614,36327000
2024-05-28,188.8912353515625,191.88382214222983,188.00638309980087,190.40243380522858,52280100
2024-05-29,189.1894989013672,191.13817040866115,188.41401104911338,188.5134387924459,53068000
2024-05-30,190.1837158203125,191.06856812279528,189.52754429358754,189.6567821553814,49889100
2024-05-31,191.13815307617188,191.4563096895504,188.81168973037515,190.33284000805318,75158300
2024-06-03,192.90786743164062,193.86232215027837,191.40660565779223,191.7843976924141,50080500
2024-06-04,193.22604370117188,194.19043522355722,191.91367022597112,193.51435990194162,47471400
2024-06-05,194.7372283935547,195.76127042413225,193.74301165159252,194.269945311189,54156800
2024-06-06,193.3552703857422,195.3635924798522,193.04706561878618,194.55827933508485,41181800
2024-06-07,195.75131225585938,195.80102612161556,193.01721651523073,193.52426153664317,53103900
2024-06-10,192.00314331054688,196.1589774177998,191.03875180216343,195.76128159599278,97010200
2024-06-11,205.9519805908203,205.9619324668351,192.51018190883102,192.53005531977516,172373300
2024-06-12,211.8377685546875,218.92652361101457,205.7034379048798,206.17072098738436,198134300
2024-06-13,213.0010223388672,215.49650115847567,210.37629047483145,213.4981307613781,97862700
2024-06-14,211.26112365722656,213.92561727783075,210.07800329190465,212.61325905037393,70122700
2024-06-17,215.4169464111328,217.6837594401996,211.4897931914233,212.13602802573277,93728300
2024-06-18,213.05068969726562,217.36560169939582,211.76815683093403,216.33160783720555,79943300
2024-06-20,208.4673614501953,213.00100258632773,207.64217489543017,212.6927826496957,86172500
2024-06-21,206.2900390625,210.66458669732776,205.91223184266303,209.17326157128963,241805100
2024-06-24,206.93626403808594,211.46988977828624,205.39522511371305,206.51869484312465,80727000
2024-06-25,207.86090087890625,210.15753911842552,207.40355450398363,207.94042486793816,55549700
2024-06-26,212.0167236328125,213.61741321993355,209.42181728774156,210.2768443064002,66213200
2024-06-27,212.86181640625,214.49233130131694,211.1219370597224,213.4484006592916,49772700
2024-06-28,209.40191650390625,214.8204096554565,209.08377504858177,214.52214161134154,82542700
2024-07-01,215.49647521972656,216.25207446959737,210.6944066158183,210.86342163866271,60402900
2024-07-02,218.99610900878906,219.10547344874152,213.85601067210808,214.8999260337406,58046200
2024-07-03,220.2687225341797,220.2687225341797,217.76329209306175,218.72768354780237,37369800
2024-07-05,225.03102111816406,225.14038557018992,220.36814201808318,220.36814201808318,60412400
2024-07-08,226.50245666503906,226.53228195249955,221.95887904834774,225.77666754871936,59085900
2024-07-09,227.35748291015625,228.07332019577044,225.0608446065374,226.6118203351868,48076100
2024-07-10,231.63259887695312,231.73202661360727,227.92417489200207,227.97388876032915,62627700
2024-07-11,226.25392150878906,231.04603853364384,224.46432825800636,230.0518217466028,64710600
2024-07-12,229.20672607421875,231.29458734662404,227.357482286545,227.59609977127653,53046500
2024-07-15,233.04440307617188,235.8580383346859,231.7419815445035,235.11237576276483,62631300
2024-07-16,233.46197509765625,234.9035862928846,230.98637002864072,233.64092682357534,43234300
2024-07-17,227.55633544921875,230.1214164943178,225.32928445945876,228.1230311101644,57345900
2024-07-18,222.8834991455078,229.10730558155058,220.9845567217071,228.94822726389444,66034600
2024-07-19,223.0127410888672,225.48834608374398,221.9886991219942,223.5198013048721,49151500
2024-07-22,222.664794921875,226.4626951020567,221.799816014305,225.69714393989972,48201800
2024-07-23,223.7086944580078,225.6275405798551,221.392167723929,223.0723963761116,39960300
2024-07-24,217.276123046875,223.4999296447353,215.8742889513949,222.70455320631825,61777600
2024-07-25,216.23220825195312,219.57277716709376,213.3787958392943,217.663867640833,51391200
2024-07-26,216.69949340820312,218.22064384945838,214.76075857434793,217.4352041073067,41601300
2024-07-29,216.97787475585938,218.0317421116191,214.50226952108,215.70527849563507,36311800
2024-07-30,217.5346221923828,219.05577256608925,214.87011348402856,217.92236610782675,41643800
2024-07-31,220.795654296875,222.52559687691686,219.35404306544518,220.1593561933901,50036300
2024-08-01,217.09716796875,223.1817695634113,215.76492117798517,223.07240511518174,62501000
2024-08-02,218.5885009765625,224.29531073215608,216.45094097639597,217.88260039056834,105568600
2024-08-05,208.05975341796875,212.26528622278008,194.86649227009318,197.9386185328084,119548600
2024-08-06,206.03155517578125,208.7756034122137,199.90719086189344,204.11272392226,69660500
2024-08-07,208.60655212402344,212.40445197195865,205.19638100586542,205.703426053809,63516400
2024-08-08,212.07638549804688,212.9612378528938,207.62229843313003,211.87754516998305,47161100
2024-08-09,214.9894561767578,215.52632659839892,210.7441459978426,210.87339904235876,42201600
2024-08-12,216.52230834960938,218.49313190431408,214.60125621149956,215.06908018890428,38028100
2024-08-13,220.24496459960938,220.8620875715453,217.99542439436792,217.99542439436792,44155300
2024-08-14,220.69290161132812,221.99683071433236,218.6822548419691,219.548234966672,41960600
2024-08-15,223.6790008544922,224.3060872818483,221.72807374055304,223.55956160665437,46414000
2024-08-16,225.00283813476562,225.77922361016536,222.6139468974481,222.88270038911833,44340200
2024-08-19,224.8435821533203,224.94312498661264,222.0067784736323,224.6743714872065,40687800
2024-08-20,225.46070861816406,226.11765487642407,224.4056213968942,224.72414631778543,30299000
2024-08-21,225.3511962890625,226.92387876417723,224.00745927475182,225.47065071716546,34765500
2024-08-22,223.48988342285156,227.2822315048041,222.86279698192573,226.73477629352786,43695300
2024-08-23,225.78916931152344,227.16278137803022,223.29080225181497,224.61464290366072,38677300
2024-08-26,226.12757873535156,226.2271215594374,222.8528263811224,225.70952621277567,30602200
2024-08-27,226.97364807128906,227.78985670532606,223.84819475275475,224.95305327681544,35934600
2024-08-28,225.44078063964844,228.79516410710562,224.6345202420592,226.864148811834,38052200
2024-08-29,228.7255096435547,231.8410150307569,227.8197366882459,229.03408635152135,51906300
2024-08-30,227.9391632080078,229.33267166766268,226.42620031745173,229.123652992766,52990800
2024-09-03,221.73802185058594,227.93915711237167,220.14542777805318,227.49124477575393,50190600
2024-09-04,219.82691955566406,220.75260404502964,216.47252073588626,220.6331648046219,43840200
2024-09-05,221.34982299804688,224.43545304440553,220.49380636570692,220.60329739500978,36615400
2024-09-06,219.7970733642578,224.19659618640478,218.75193438162455,222.9125635200513,48423000
2024-09-09,219.8866424560547,220.24497537072617,215.7061019102892,219.79706302441255,67180000
2024-09-10,219.09034729003906,220.45399594379384,215.72600018375593,217.905857501112,51591000
2024-09-11,221.62852478027344,222.05652550259597,216.88061769002928,220.4340868524661,44587100
2024-09-12,221.73802185058594,222.5144072842174,218.80169076819996,221.46926837337423,37455600
2024-09-13,221.4692840576172,223.00214343080088,220.8820208371711,222.54428285449177,36766600
2024-09-16,215.31790161132812,216.213726272445,212.92901053484562,215.53686848493908,59357400
2024-09-17,215.78570556640625,215.89519659483264,213.50632075947794,214.75053008791312,45519300
2024-09-18,219.66766357421875,221.67831024616868,216.5322467283196,216.54221012404864,59894900
2024-09-19,227.8097686767578,228.75538000957175,223.58941994126667,223.94775287051627,66781300
2024-09-20,227.1428680419922,232.01021467188832,226.56555305015522,228.90467282845125,318679900
2024-09-23,225.42088317871094,228.38707413181643,224.7639369712135,226.2868480598011,54146000
2024-09-24,226.31671142578125,228.28755007923567,224.6843092769655,227.59078065470555,43556100
2024-09-25,225.32135009765625,226.2370864319121,222.98224544035924,223.88801837861104,42308700
2024-09-26,226.4660186767578,227.44147457763864,224.36579263659118,226.24703661091274,36636700
2024-09-27,226.73475646972656,228.45675318264773,226.24703611440785,227.40166606122023,34026000
2024-09-30,231.920654296875,231.920654296875,228.58616671135624,228.9743594736852,54541900
2024-10-01,225.16209411621094,228.5861456381701,222.70353511874544,228.45675818805825,63285000
2024-10-02,225.72946166992188,226.31672490502262,221.98688498556473,224.84358511910924,32880600
2024-10-03,224.6245880126953,225.75930638603796,222.28548343692833,224.09704443839323,34044200
2024-10-04,225.74935913085938,226.9437971307691,223.09172964492672,226.8442543024003,37245100
2024-10-07,220.66302490234375,224.6444949275546,220.30469199255066,223.46000516495792,39505400
2024-10-08,224.72413635253906,224.93315503301397,222.2158058701156,223.26094483680066,31855700
2024-10-09,228.47666931152344,228.68570318762718,223.78849648056692,224.1866374402548,33591100
2024-10-10,227.97897338867188,228.43684913724616,226.11764095959848,226.72481576308653,28183500
2024-10-11,226.4958953857422,228.34727968813561,226.28686151162026,228.23778864704394,31759200
2024-10-14,230.228515625,230.65651637799863,227.54102629778745,227.64055393917852,39882100
2024-10-15,232.76670837402344,236.3898456598821,231.29355345996072,232.52781469355565,64751400
2024-10-16,230.70628356933594,231.0447048824563,228.7752681420796,230.52712470524975,34082200
2024-10-17,231.07456970214844,232.76670668063704,229.4521309302649,232.348638945834,32993800
2024-10-18,233.91136169433594,235.0858880500012,232.92594240501305,235.0858880500012,46431500
2024-10-21,235.384521484375,235.75281781754072,233.36392650842956,233.36392650842956,36254500
2024-10-22,234.76739501953125,235.12572795126604,231.52250221800776,232.80651969699693,38846600
2024-10-23,229.69100952148438,234.05072423456664,226.7049068825192,232.99563706556216,52287000
2024-10-24,229.5019073486328,229.75074924052936,227.35190975750177,228.9146289407981,31109500
2024-10-25,230.3380126953125,232.13962556438537,228.5065400142299,228.6757506783198,38802300
2024-10-28,232.3187713623047,233.64261197661628,231.47271808946843,232.23915532682838,36087100
2024-10-29,232.5875244140625,233.2444706163013,231.24378738741356,232.0201728307493,35417200
2024-10-30,229.03407287597656,232.38845656475567,228.48661770128336,231.5324398883544,47070900
2024-10-31,224.8634796142578,228.76531846185907,224.32597264925337,228.27758291037028,64370100
2024-11-01,221.87738037109375,224.30607958110733,219.2496106921502,219.9463649274566,65276700
2024-11-04,220.98153686523438,221.75792231303782,218.69220372782075,219.96627293386246,44944500
2024-11-05,222.41488647460938,222.91257027302564,220.11558975602287,220.77253601507735,28111300
2024-11-06,221.68826293945312,225.02275032206146,220.16535179621147,221.5787719009408,54561100
2024-11-07,226.42620849609375,226.82436463330757,223.52970043689453,223.5894200604507,42137700
2024-11-08,226.15716552734375,227.8511489598711,225.60910803907555,226.366414165256,38328800
2024-11-11,223.43682861328125,224.90163000948098,220.71648967954502,224.20410915529405,42005600
2024-11-12,223.43682861328125,224.79201850347917,222.56991092342136,223.7557039779463,40398300
2024-11-13,224.32366943359375,225.8482560889112,221.97201694486657,223.21759527142092,48566200
2024-11-14,227.41270446777344,228.06039910056816,224.20409355692922,224.22402706703753,44923900
2024-11-15,224.20408630371094,226.1172926822584,223.47667285882866,225.59912786989784,47923700
2024-11-18,227.21340942382812,228.92732633570628,224.3734848929754,224.45320372664565,44633700
2024-11-19,227.4724884033203,229.34584301691135,225.8582238051146,226.17708394083317,36211800
2024-11-20,228.18994140625,229.11664435033194,225.0909420304879,227.25326410482543,35169600
2024-11-21,227.71163940429688,229.34583747298603,224.9115819089953,228.07036655131708,42108300
2024-11-22,229.05686950683594,229.90386885981255,227.2532745036032,227.2532745036032,38168300
2024-11-25,232.04624938964844,232.42491005721112,228.92733167542056,230.64124862727573,90152800
2024-11-26,234.22850036621094,234.73670603206307,232.50462429580293,232.50462429580293,45986200
2024-11-27,234.09896850585938,234.85628986853752,232.9829351774668,233.640604190904,33498400
2024-11-29,236.490478515625,236.96877632211965,233.14236346053607,233.97938842310504,28481400
2024-12-02,238.7424774169922,239.93822952974793,236.32108052902282,236.4306920263062,48137100
2024-12-03,241.79165649414062,241.90126799408412,238.05492154808562,238.96170621081686,38861000
2024-12-04,242.15037536621094,243.24649032811607,240.39660663197557,242.01087120786053,44383900
2024-12-05,242.18028259277344,243.67497660990782,241.27351311137042,243.1269343008096,40033900
2024-12-06,241.98098754882812,243.7646642163996,241.22368140458013,242.05074723300527,36870600
2024-12-09,245.8771514892578,246.36542364679892,240.89483838917155,240.97455722335047,44649200
2024-12-10,246.8935546875,247.33200068563022,244.47214254503118,246.0166626912396,36914800
2024-12-11,245.61807250976562,249.91282389632013,245.38887516358946,247.0828737526952,45205800
2024-12-12,247.08290100097656,247.86014070071687,244.81095202694985,246.01667859977562,32777500
2024-12-13,247.2522735595703,248.40815863747187,245.36895982515324,246.9433725816478,33155300
2024-12-16,250.1519775390625,250.490786396497,246.7739697560149,247.1127786134494,51694800
2024-12-17,252.58334350585938,252.93211150871377,248.89643481128522,249.1953766416157,51356400
2024-12-18,247.1725616455078,253.38051965426092,246.86366065893745,251.26802371656945,56774100
2024-12-19,248.90640258789062,251.1085917693189,246.21595643132494,246.6245097734382,60882300
2024-12-20,253.58978271484375,254.09797318748596,244.82090844231297,247.1625865233097,147495300
2024-12-23,254.36703491210938,254.74568039470608,252.55346551957817,253.8688035675433,40858800
2024-12-24,257.2866516113281,257.2965955586333,254.38692663500538,254.58623131585566,23234700
2024-12-26,258.1037292480469,259.1799258751944,256.7186620602343,257.27667867815336,27237100
2024-12-27,254.68588256835938,257.78489719249416,252.16483330495137,256.917949151404,42355300
2024-12-30,251.30787658691406,252.60328106925755,249.86300878941353,251.33776924994547,35557500
2024-12-31,249.5341796875,252.38406352835983,248.54767617168994,251.5470385357527,39480700
2025-01-02,242.9874267578125,248.21885574509324,240.96460876578237,248.0494437119358,55740700
2025-01-03,242.4991455078125,243.31623695542578,241.03434422978034,242.4991455078125,40244100
2025-01-06,244.1333465576172,246.45510633108967,242.33971076643533,243.4457849039297,45045600
2025-01-07,241.3532257080078,244.681407317594,240.496267218822,242.12049100282684,40856000
2025-01-08,241.8414764404297,242.84791342439922,239.20085656180404,241.06423680804883,37628900
2025-01-10,236.01217651367188,239.31046533751606,232.1757893628752,239.16098682233465,61710900
2025-01-13,233.5708465576172,233.8398957390806,228.90740850459227,232.7039288898965,49630700
2025-01-14,232.45480346679688,235.28475371553364,231.6476711610837,233.91960476413306,39435300
2025-01-15,237.028564453125,238.11472029161553,233.60073052224158,233.80999436776753,39832000
2025-01-16,227.45257568359375,237.16808723307213,227.2233935146464,236.51043339153568,71759100
2025-01-17,229.16647338867188,231.4682996512766,227.67177943063626,231.2989028272768,68488300
2025-01-21,221.85244750976562,223.62614984013746,218.60398468999986,223.2076373446938,98070400
2025-01-22,223.03822326660156,223.32719072748344,219.0125058897086,219.0125058897086,64126500
2025-01-23,222.8688507080078,226.2269251350915,221.51366083038826,223.94503224654224,60234800
2025-01-24,221.991943359375,224.831867935065,220.6267944226493,223.9848686181573,54697900
2025-01-27,229.04690551757812,231.32879829775732,223.18770026542342,223.2275672861503,94863400
2025-01-28,237.41717529296875,239.34035603116672,229.99353191106584,230.03339893004483,75707600
2025-01-29,238.5133056640625,239.01153699982427,233.1822242894862,233.2918357915463,45486100
2025-01-30,236.7495574951172,239.93823493591583,236.37091202718113,237.82573898228924,55658300
2025-01-31,235.16519165039062,246.31561143302469,232.61424963135997,246.31561143302469,100959800
2025-02-03,227.2034454345703,231.00994009075862,224.90161912474946,229.1764524471141,73063300
2025-02-04,231.9765167236328,232.3053512351318,225.84826207175638,226.44614576626617,45067300
2025-02-05,231.64767456054688,231.84696405052938,227.46253445166022,227.72160926815613,39620300
2025-02-06,232.39501953125,232.9729696905443,229.61488023403817,230.47183871784506,29925300
2025-02-07,226.82479858398438,233.17226081850333,226.45609706307513,231.77721918612997,39707200
2025-02-10,227.0941162109375,230.02693972945139,226.64521806905947,229.0094413336025,33115600
2025-02-11,232.05198669433594,234.65561423976854,227.57296005864194,227.64278121837336,53718400
2025-02-12,236.29161071777344,236.38140252594314,230.11672290007743,230.63545743654387,45243300
2025-02-13,240.9402313232422,241.74825103145727,234.99479296308533,236.33151730066413,53614100
2025-02-14,244.00274658203125,244.9504238462646,240.40156080072015,240.66092045804314,40896200
2025-02-18,243.87306213378906,244.58131995427482,241.2494791133952,243.55383619329416,48822500
2025-02-19,244.27207946777344,245.40929524371262,242.56626341463,244.06260076305156,32204200
2025-02-20,245.22975158691406,246.17742890005937,243.69350332551406,244.34192533458386,32316900
2025-02-21,244.95042419433594,248.08275639920348,244.6212281548445,245.34944139409683,53197400
2025-02-24,246.49664306640625,248.25234005966587,243.82317911276243,244.3319283268952,51326400
2025-02-25,246.43678283691406,249.38956194785018,244.3119941197594,247.3944454522674,48013300
2025-02-26,239.77310180664062,244.3818160551289,238.54610942000366,243.7334092806253,44433600
2025-02-27,236.72056579589844,241.86796980219768,236.48114634623442,238.82541422357912,41153600
2025-02-28,241.24948120117188,241.49887076126774,229.63790389196947,236.37142201455794,56833400
2025-03-03,237.4487762451172,243.43412542285543,235.53346633482454,241.19958958341564,47184000
2025-03-04,235.35391235351562,239.4838181516717,234.10696453181083,237.1295800554318,53798100
2025-03-05,235.1643829345703,235.97240266650644,228.67026910680244,234.84515699420854,47227600
2025-03-06,234.75538635253906,237.27920752401755,232.59068676229822,233.86756011302523,45170400
2025-03-07,238.4862518310547,240.78062356819368,234.1867631010968,234.53591456798168,46273600
2025-03-10,226.92454528808594,235.583358769024,223.6725108894593,234.96486230654432,72071200
2025-03-11,220.30075073242188,225.28854176632854,216.91902902029437,223.26349982428485,76137400
2025-03-12,216.45018005371094,221.20853706339403,214.38524243690583,219.60246770742089,62547500
2025-03-13,209.16799926757812,216.31051974194543,207.9110813961123,215.42269353923288,61368300
2025-03-14,212.9687042236328,213.4275724686152,209.06824803363213,210.73416839029963,60107600
2025-03-17,213.4774627685547,214.69448503570536,209.4573042902151,212.78914514941675,48073400
2025-03-18,212.17066955566406,214.624654360469,210.97360268345204,213.6370814211214,42432400
2025-03-19,214.7144317626953,218.22582565599035,213.22806456968678,213.6969181399133,54385400
2025-03-20,213.5772247314453,216.9589465476154,211.70181037410745,213.46749271646212,48862900
2025-03-21,217.73704528808594,218.30564558008663,210.76410758323678,211.0434226778215,94127800
2025-03-24,220.19102478027344,220.93919345594836,218.04628066528426,220.460369765545,44299500
2025-03-25,223.2036590576172,223.55281053469957,219.54262209652958,220.23093972638688,34493600
2025-03-26,220.98907470703125,224.47055842890478,219.93166541277708,222.9642357514217,34466100
2025-03-27,223.3034210205078,224.4406368200556,220.02144584411215,220.84942102067788,37094800
2025-03-28,217.36793518066406,223.26350805320467,217.1484711493609,221.12873402087155,39818600
2025-03-31,221.58761596679688,225.06908447075043,215.7020132379398,216.48010744476517,65299300
2025-04-01,222.64503479003906,223.13382860511078,218.3655012478301,219.27328293515097,36412700
2025-04-02,223.34332275390625,224.64015156252358,220.48033536050963,220.7796058888877,35905900
2025-04-03,202.69384765625,206.98335084549154,200.75858236471802,205.0381002304481,103419000
2025-04-04,187.92002868652344,199.39194860307396,186.88255957870848,193.4165691841804,125910900
2025-04-07,181.0169219970703,193.6759230716255,174.19361217758157,176.76731422169505,160466300
2025-04-08,171.9989776611328,189.8752182218586,168.79682446290911,186.24410709579757,120859500
2025-04-09,198.3644561767578,200.1201531468693,171.47028013366514,171.53013119082922,184395900
2025-04-10,189.9550323486328,194.30438674913324,182.553152263757,188.60833789927736,121880000
2025-04-11,197.66615295410156,199.05275825525484,185.60567786476867,185.64558871717136,87435900
2025-04-14,202.02549743652344,212.42005238891582,200.66881763194172,210.9237150406947,101352900
2025-04-15,201.6464080810547,203.01305790446213,199.3121256140358,201.36709301089155,51343900
2025-04-16,193.79563903808594,200.2099310657198,191.9002692932641,197.8756484915953,59732400
2025-04-17,196.4990234375,198.34451232255947,193.9452767059697,196.71848747425943,52164700
2025-04-21,192.6883544921875,193.3267911609043,189.34652827875263,192.79808650813246,46742500
2025-04-22,199.25228881835938,201.097762433896,195.49148998245192,195.64111763020085,52976400
2025-04-23,204.1004180908203,207.49210995336898,202.30481024884085,205.49699351150966,52929200
2025-04-24,207.8612060546875,208.32008954356945,202.44447210591895,204.38970763388747,47311000
2025-04-25,208.76898193359375,209.2378355121778,205.69650080604464,205.86608387594285,38222300
2025-04-28,209.62689208984375,210.98357193193158,206.95344326011445,209.48723454234343,38743100
2025-04-29,210.6942901611328,211.72177396764008,207.86121308906752,208.18043904370694,36827600
2025-04-30,211.9811248779297,213.0584895980106,206.16535854293033,208.78894157113288,52286500
2025-05-01,212.79913330078125,214.0360957896086,208.3899124386699,208.56948083895412,57365700
2025-05-02,204.8485870361328,206.48458191182934,201.66637387157866,205.58677037884885,101010600
2025-05-05,198.40435791015625,203.60164304236298,197.72602561272546,202.6040848015313,69018500
2025-05-06,198.02528381347656,200.1600578713198,196.538931754607,197.72602851406054,51216500
2025-05-07,195.7707977294922,198.95301083885846,192.77812311451905,198.6836658614824,68536700
2025-05-08,197.00778198242188,199.56152863729463,194.20463054641704,197.2372161152265,50478900
2025-05-09,198.0452423095703,200.0503289543839,197.05765414160055,198.51409591462888,36453900
2025-05-12,210.55104064941406,211.03050749278242,206.5156271207593,210.7308445260501,63775800
2025-05-13,212.68861389160156,213.1580823159532,208.76307628033234,210.19144790738707,51909300
2025-05-14,212.08929443359375,213.69746987061376,210.34127831689767,212.18917192393894,49325800
2025-05-15,211.21029663085938,212.71859464512332,209.30245815432872,210.71086343228015,45029500
2025-05-16,211.0205078125,212.32903558469047,209.53220664773164,212.11926693678467,54737900
2025-05-19,208.54331970214844,209.24252311349682,204.02843943795537,207.67431083672193,46140500
2025-05-20,206.62550354003906,208.2336790492342,204.79757620413463,207.4345828831543,42496600
2025-05-21,201.86090087890625,206.80528635778637,200.4824756537251,204.93741112479617,59211800
2025-05-22,201.13172912597656,202.52015274475195,199.4736073247078,200.48247209416806,46742400
2025-05-23,195.04864501953125,197.4758830409797,193.24069928507132,193.45045269257122,78432900
2025-05-27,199.98304748535156,200.51244545494848,197.20618488735448,198.07520901450675,56288500
2025-05-28,200.1927947998047,202.50017366149785,199.67338002302156,200.36260025266836,45339700
2025-05-29,199.72332763671875,203.57895243464628,198.28495762525483,203.3492174371598,51396800
2025-05-30,200.622314453125,201.73105672211125,196.55692105301176,199.14398126681596,70819900
2025-06-02,201.47134399414062,201.9008644592711,199.89313329888972,200.05295557621693,35423300
2025-06-03,203.03956604003906,203.5389992121068,200.7321872237246,201.1217444882778,46381600
2025-06-04,202.590087890625,206.00620910456834,201.8709028727957,202.67998220748078,43604000
2025-06-05,200.40257263183594,204.5178973620389,199.92310578136215,203.26931435006063,55126100
2025-06-06,203.68882751464844,205.4668084267123,201.82095228760733,202.76987228695742,46607700
2025-06-09,201.2216339111328,205.76647909477697,199.79326227022588,204.15830357568726,72862600
2025-06-10,202.44024658203125,204.11835001917973,200.34263633745982,200.3726011094186,54672600
2025-06-11,198.55465698242188,204.26817387189894,198.18508130061548,203.26930749599725,60989900
2025-06-12,198.97418212890625,199.45363372918547,197.13627162659284,198.85432303920933,43904600
2025-06-13,196.227294921875,200.1428492549886,195.47814514596445,199.50357538920457,51447300
2025-06-16,198.195068359375,198.46476655376847,196.33717625414866,197.07634287373045,43020700
2025-06-17,195.418212890625,198.16509536417735,194.98870767431248,196.97644196425614,38856200
2025-06-18,196.35714721679688,197.3460303816964,194.84886452825484,195.71787336797544,45394700
2025-06-20,200.7721405029297,201.47134391409438,196.6368343380514,198.01527480684123,96813500
2025-06-23,201.27157592773438,202.07067208145295,198.73446202428119,201.40143343464243,55814300
2025-06-24,200.07293701171875,203.2093768046809,199.9730442780961,202.36033429336192,54064000
2025-06-25,201.33151245117188,203.43912119943792,200.39257558111612,201.2216365357081,39525700
2025-06-26,200.7721405029297,202.41028074115465,199.23389299836737,201.20164572639828,50799100
2025-06-27,200.85205078125,202.98962419564972,199.77327327657756,201.66113009938155,73188600
2025-06-30,204.93740844726562,207.15489297707504,199.0341046248948,201.78098710410558,91912800
2025-07-01,207.58441162109375,209.95171998702364,205.90630823197938,206.4357061767528,78788900
2025-07-02,212.1991729736328,213.09814660534315,207.9040445567577,208.6731759252599,67941800
2025-07-03,213.30792236328125,214.40666625629999,211.56988934364432,211.90950026104147,34955800
2025-07-07,209.7119903564453,215.9848699115094,208.56330013289198,212.43889126622693,50229000
2025-07-08,209.7719268798828,211.1903153368944,208.213697736729,209.86183643928914,42848900
2025-07-09,210.90065002441406,211.09043707809712,206.98509558510867,209.2924745188519,48749400
2025-07-10,212.16920471191406,213.23798377907798,209.7918979255535,210.27134950514616,44443600
2025-07-11,210.92062377929688,211.88952536572023,209.6220944658076,210.33129628612954,39765800
2025-07-14,208.3834991455078,210.67091168904602,207.3047216270235,209.69201166358403,38840100
2025-07-15,208.87295532226562,211.64980271899068,208.6831682659836,208.9828312368767,42296300
2025-07-16,209.92176818847656,212.1592191902425,208.40348697906978,210.06160887608695,47490500
2025-07-17,209.78192138671875,211.5599023237274,209.35240091776063,210.33130094399476,48068100
2025-07-18,210.9405975341797,211.54990664350106,209.46227954032304,210.63095139102305,48974600
2025-07-21,212.23912048339844,215.53538252867688,211.39009321998003,211.8595616297783,51377400
2025-07-22,214.15695190429688,214.7063314773177,211.9894136266437,212.89838571641525,46404100
2025-07-23,213.9072265625,214.90609293027538,212.1692088371252,214.75626907170553,46989300
2025-07-24,213.51766967773438,215.44548969662856,213.28793468034502,213.65751035981805,46022600
2025-07-25,213.63754272460938,214.9960015887686,213.15807589620647,214.45660521718813,40268800
2025-07-28,213.80735778808594,214.60645396318566,212.81847455673218,213.78737619229818,37858000
2025-07-29,211.03050231933594,214.5664825639156,210.58101550100253,213.93719187335407,51411700
2025-07-30,208.81301879882812,212.14922883427738,207.48452469073794,211.65977882345743,45512500
2025-07-31,207.33470153808594,209.60211724381097,206.92516266487007,208.25365677749065,80698400
2025-08-01,202.1505889892578,213.33788973606855,201.27158167093614,210.63095505795985,104434500
2025-08-04,203.11949157714844,207.64435521756303,201.4513712516652,204.27816503495924,75109300
2025-08-05,202.68995666503906,205.1072113881769,201.93082373064988,203.1694082424696,44155100
2025-08-06,213.0082550048828,215.1358452662651,205.35693489516686,205.39689808550258,108483100
2025-08-07,219.7805633544922,220.59964108330854,216.33447747046458,218.63187314031333,90224800
2025-08-08,229.0900115966797,230.73813503605493,219.00145500716468,220.57966572513484,113854000
2025-08-11,227.17999267578125,229.55999755859375,224.75999450683594,227.9199981689453,61806100
2025-08-12,229.64999389648438,230.8000030517578,227.07000732421875,228.00999450683594,55626200
2025-08-13,233.3300018310547,235.0,230.42999267578125,231.07000732421875,69878500
2025-08-14,232.77999877929688,235.1199951171875,230.85000610351562,234.05999755859375,51916300
2025-08-15,231.58999633789062,234.27999877929688,229.33999633789062,234.0,56038700
2025-08-18,230.88999938964844,233.1199951171875,230.11000061035156,231.6999969482422,37476200
2025-08-19,230.55999755859375,232.8699951171875,229.35000610351562,231.27999877929688,39402600
2025-08-20,226.00999450683594,230.47000122070312,225.77000427246094,229.97999572753906,42263900
2025-08-21,224.89999389648438,226.52000427246094,223.77999877929688,226.27000427246094,30621200
2025-08-22,227.75999450683594,229.08999633789062,225.41000366210938,226.1699981689453,42477800
2025-08-25,227.16000366210938,229.3000030517578,226.22999572753906,226.47999572753906,30983100
2025-08-26,229.30999755859375,229.49000549316406,224.69000244140625,226.8699951171875,54575100
2025-08-27,230.49000549316406,230.89999389648438,228.25999450683594,228.61000061035156,31259500
2025-08-28,232.55999755859375,233.41000366210938,229.33999633789062,230.82000732421875,38074700
2025-08-29,232.13999938964844,233.3800048828125,231.3699951171875,232.50999450683594,39418400
2025-09-02,229.72000122070312,230.85000610351562,226.97000122070312,229.25,44075600
2025-09-03,238.47000122070312,238.85000610351562,234.36000061035156,237.2100067138672,66427800
2025-09-04,239.77999877929688,239.89999389648438,236.74000549316406,238.4499969482422,47549400
2025-09-05,239.69000244140625,241.32000732421875,238.49000549316406,240.0,54837300
